-7.364540547132492065e-02,1.649485528469085693e-02,7.668999433517456055e-01,9.986723065376281738e-01,-5.147270113229751587e-02,1.327975653111934662e-03,1.546218059957027435e-03,-2.489653080701828003e-01,4.177682697772979736e-01,2.828537225723266602e-01,1.428510189056396484e+00,-2.200892120599746704e-01,-3.618686646223068237e-02,-1.530430614948272705e-01,1.417765170335769653e-01,-1.115142926573753357e-01,2.949736714363098145e-01,-1.778809875249862671e-01,-4.746745899319648743e-02,-8.450866490602493286e-02,7.159801572561264038e-02,1.568173915147781372e-01,1.267809271812438965e-01,3.040767312049865723e-01,-3.744406998157501221e-01,9.466338753700256348e-01,2.336717844009399414e-01,7.888748496770858765e-02,5.527190864086151123e-02,1.616569608449935913e-01,-2.695638835430145264e-01,4.766101539134979248e-01,9.134315848350524902e-01,-2.274079173803329468e-01,8.400127291679382324e-02,-3.273016214370727539e-02
-4.626247286796569824e-02,1.482047326862812042e-02,7.702708244323730469e-01,9.988588690757751465e-01,-4.563872516155242920e-02,-1.583538018167018890e-03,-1.398408319801092148e-02,-3.060903549194335938e-01,4.174428582191467285e-01,3.344438374042510986e-01,1.379554390907287598e+00,-2.554808557033538818e-01,-2.166525227949023247e-03,-8.796808868646621704e-02,1.425915360450744629e-01,-7.368279993534088135e-02,2.649570107460021973e-01,-1.977799683809280396e-01,-5.123208835721015930e-02,-5.912447720766067505e-02,5.658629164099693298e-02,1.634006202220916748e-01,1.437879651784896851e-01,2.959706485271453857e-01,-3.386411368846893311e-01,9.499121904373168945e-01,2.163177430629730225e-01,7.656721770763397217e-02,5.959052219986915588e-02,1.373146474361419678e-01,-2.946352362632751465e-01,4.833820462226867676e-01,8.783712983131408691e-01,-2.306278795003890991e-01,8.573806285858154297e-02,-3.324878960847854614e-02
-1.466649025678634644e-02,1.339204516261816025e-02,7.715669870376586914e-01,9.987941384315490723e-01,-4.040645807981491089e-02,-2.385508501902222633e-03,-2.778319083154201508e-02,-3.647240996360778809e-01,3.879696130752563477e-01,3.652811944484710693e-01,1.272297143936157227e+00,-2.593427598476409912e-01,-3.304681973531842232e-03,-3.433979675173759460e-02,1.397031843662261963e-01,-3.963307291269302368e-02,2.421260029077529907e-01,-2.156414687633514404e-01,-5.673702433705329895e-02,-3.730383142828941345e-02,4.332805424928665161e-02,1.668265610933303833e-01,1.573120802640914917e-01,2.879557013511657715e-01,-3.081255257129669189e-01,9.494130611419677734e-01,2.056253105401992798e-01,7.504042237997055054e-02,6.412415206432342529e-02,1.111932620406150818e-01,-3.190456032752990723e-01,4.872681498527526855e-01,8.455895781517028809e-01,-2.282947748899459839e-01,8.517903834581375122e-02,-3.017861396074295044e-02
1.435497403144836426e-02,1.179824676364660263e-02,7.707206010818481445e-01,9.985029697418212891e-01,-3.801577910780906677e-02,-6.782012642361223698e-04,-3.932115808129310608e-02,-4.169797003269195557e-01,3.568740487098693848e-01,3.872641921043395996e-01,1.119621872901916504e+00,-2.443024516105651855e-01,-2.076574228703975677e-02,1.452377811074256897e-02,1.387470811605453491e-01,-1.544673927128314972e-02,2.226395159959793091e-01,-2.360590547323226929e-01,-6.309807300567626953e-02,-1.868548616766929626e-02,3.616329282522201538e-02,1.678570955991744995e-01,1.638031899929046631e-01,2.809495329856872559e-01,-2.856312096118927002e-01,9.475197196006774902e-01,2.032070308923721313e-01,7.481946051120758057e-02,6.892106682062149048e-02,8.663458377122879028e-02,-3.437719643115997314e-01,4.871253073215484619e-01,8.143613338470458984e-01,-2.185720801353454590e-01,8.062446862459182739e-02,-2.675225585699081421e-02
4.386791586875915527e-02,1.035342644900083542e-02,7.684232592582702637e-01,9.981049299240112305e-01,-3.789720684289932251e-02,3.340766532346606255e-03,-4.836465045809745789e-02,-4.574639201164245605e-01,3.271389901638031006e-01,3.999991714954376221e-01,9.311055541038513184e-01,-2.131225317716598511e-01,-4.537289217114448547e-02,5.996776744723320007e-02,1.396258324384689331e-01,2.548155316617339849e-04,2.034497559070587158e-01,-2.572602629661560059e-01,-6.880859285593032837e-02,-1.809983281418681145e-03,3.314208984375000000e-02,1.646610498428344727e-01,1.651878803968429565e-01,2.759407758712768555e-01,-2.705454528331756592e-01,9.444948434829711914e-01,2.042579054832458496e-01,7.329139858484268188e-02,7.765735685825347900e-02,6.556849181652069092e-02,-3.680550456047058105e-01,4.829281568527221680e-01,7.847945094108581543e-01,-2.031630277633666992e-01,7.476479560136795044e-02,-2.340515889227390289e-02
7.562035322189331055e-02,9.442061185836791992e-03,7.651737928390502930e-01,9.976418614387512207e-01,-3.874760493636131287e-02,9.411485865712165833e-03,-5.586415901780128479e-02,-4.839151203632354736e-01,2.905957400798797607e-01,4.001877903938293457e-01,7.087470889091491699e-01,-1.538665741682052612e-01,-7.491707801818847656e-02,9.949643164873123169e-02,1.402261257171630859e-01,1.297780778259038925e-02,1.871468424797058105e-01,-2.791599929332733154e-01,-7.241394370794296265e-02,1.366571150720119476e-02,3.118801116943359375e-02,1.563206762075424194e-01,1.636309772729873657e-01,2.733474969863891602e-01,-2.627495527267456055e-01,9.427352547645568848e-01,2.056043446063995361e-01,7.030483335256576538e-02,8.806370198726654053e-02,4.891269654035568237e-02,-3.905659615993499756e-01,4.761614501476287842e-01,7.583917379379272461e-01,-1.880300343036651611e-01,6.952439248561859131e-02,-1.972510293126106262e-02
1.089832782745361328e-01,9.183230809867382050e-03,7.610126137733459473e-01,9.971421957015991211e-01,-3.946521878242492676e-02,1.630347780883312225e-02,-6.232269108295440674e-02,-4.863853752613067627e-01,2.481736987829208374e-01,4.092493653297424316e-01,4.574266672134399414e-01,-8.023820817470550537e-02,-1.026143431663513184e-01,1.318392902612686157e-01,1.384599357843399048e-01,2.759711071848869324e-02,1.819981038570404053e-01,-3.041169345378875732e-01,-7.119341939687728882e-02,2.853590995073318481e-02,2.827242575585842133e-02,1.458000391721725464e-01,1.608843952417373657e-01,2.721261382102966309e-01,-2.610140740871429443e-01,9.422984719276428223e-01,2.103555202484130859e-01,7.054309546947479248e-02,9.679005295038223267e-02,3.647956997156143188e-02,-4.099614024162292480e-01,4.700887203216552734e-01,7.397002577781677246e-01,-1.780695766210556030e-01,6.428980827331542969e-02,-1.560133602470159531e-02
1.415578126907348633e-01,9.667444974184036255e-03,7.558549046516418457e-01,9.964386224746704102e-01,-4.252165183424949646e-02,2.183122746646404266e-02,-6.946484744548797607e-02,-4.579886496067047119e-01,2.180339246988296509e-01,4.500030875205993652e-01,2.071569263935089111e-01,-3.589781373739242554e-02,-1.291792690753936768e-01,1.608329266309738159e-01,1.410826891660690308e-01,4.422187060117721558e-02,1.895337998867034912e-01,-3.271354436874389648e-01,-6.658036261796951294e-02,4.662777110934257507e-02,3.054691478610038757e-02,1.382918655872344971e-01,1.539464890956878662e-01,2.713927030563354492e-01,-2.643107771873474121e-01,9.435162544250488281e-01,2.198943942785263062e-01,7.589633762836456299e-02,1.000871136784553528e-01,3.042166680097579956e-02,-4.280171394348144531e-01,4.695955514907836914e-01,7.322943806648254395e-01,-1.756183058023452759e-01,6.214521825313568115e-02,-1.306047197431325912e-02
1.723113656044006348e-01,1.077582500874996185e-02,7.506853342056274414e-01,9.954234957695007324e-01,-4.983539506793022156e-02,2.371033467352390289e-02,-7.801448553800582886e-02,-4.610064029693603516e-01,2.203006297349929810e-01,4.551873803138732910e-01,1.197129338979721069e-01,-7.092517614364624023e-02,-1.357895433902740479e-01,1.993575990200042725e-01,1.477238535881042480e-01,5.291449651122093201e-02,2.025653123855590820e-01,-3.345989286899566650e-01,-6.716059893369674683e-02,6.138207763433456421e-02,4.177270829677581787e-02,1.347202360630035400e-01,1.531163007020950317e-01,2.672272026538848877e-01,-2.676704227924346924e-01,9.474337100982666016e-01,2.328818291425704956e-01,7.778421044349670410e-02,1.003163903951644897e-01,3.121942467987537384e-02,-4.429446458816528320e-01,4.683744311332702637e-01,7.313598394393920898e-01,-1.768858581781387329e-01,6.737279146909713745e-02,-5.248694680631160736e-03
2.035539895296096802e-01,1.215429604053497314e-02,7.469162940979003906e-01,9.951753616333007812e-01,-4.799214377999305725e-02,2.811530232429504395e-02,-8.082240819931030273e-02,-4.662352502346038818e-01,2.058457732200622559e-01,4.598582088947296143e-01,1.231010854244232178e-01,-9.918909519910812378e-02,-1.035240069031715393e-01,2.130073308944702148e-01,1.360964030027389526e-01,5.691808462142944336e-02,2.624082863330841064e-01,-3.460923731327056885e-01,-6.441747397184371948e-02,6.623537838459014893e-02,3.275722637772560120e-02,1.270483285188674927e-01,1.530570983886718750e-01,2.628645598888397217e-01,-2.655491530895233154e-01,9.519329667091369629e-01,2.375780344009399414e-01,7.830988615751266479e-02,1.037958264350891113e-01,3.970162943005561829e-02,-4.543630778789520264e-01,4.673412144184112549e-01,7.314476370811462402e-01,-1.803268790245056152e-01,7.276000082492828369e-02,-3.466683672741055489e-03
2.356970012187957764e-01,1.301946863532066345e-02,7.453688383102416992e-01,9.962334036827087402e-01,-2.587354741990566254e-02,3.658509999513626099e-02,-7.423701882362365723e-02,-4.957739114761352539e-01,1.498652398586273193e-01,4.557279944419860840e-01,2.160664349794387817e-01,-6.980616599321365356e-02,9.057152085006237030e-03,1.837035417556762695e-01,8.266250789165496826e-02,4.293461143970489502e-02,3.946331441402435303e-01,-3.668832778930664062e-01,-4.478760436177253723e-02,5.900305882096290588e-02,-2.246182225644588470e-02,1.120814085006713867e-01,1.526363044977188110e-01,2.644481360912322998e-01,-2.633183002471923828e-01,9.640772938728332520e-01,2.338427305221557617e-01,7.707148790359497070e-02,1.062003970146179199e-01,5.967995524406433105e-02,-4.512713849544525146e-01,4.602537155151367188e-01,7.305359840393066406e-01,-1.808891892433166504e-01,7.373962551355361938e-02,-3.521757433190941811e-03
2.698859572410583496e-01,1.370525173842906952e-02,7.447168231010437012e-01,9.969775080680847168e-01,-5.285398568958044052e-03,3.955242037773132324e-02,-6.665942072868347168e-02,-5.025413036346435547e-01,1.068818122148513794e-01,4.501660466194152832e-01,3.116799294948577881e-01,-3.224771842360496521e-02,6.297788023948669434e-02,1.436982303857803345e-01,3.028740361332893372e-02,2.100834436714649200e-02,5.683487653732299805e-01,-3.448767960071563721e-01,-2.610211074352264404e-02,4.859840124845504761e-02,-7.844171673059463501e-02,9.953825920820236206e-02,1.508989334106445312e-01,2.684698700904846191e-01,-2.620871663093566895e-01,9.879190921783447266e-01,2.289867252111434937e-01,7.791294902563095093e-02,1.071764603257179260e-01,9.621483087539672852e-02,-4.386178255081176758e-01,4.455684423446655273e-01,7.270643711090087891e-01,-1.839634478092193604e-01,8.042357861995697021e-02,4.515633045230060816e-04
3.054966926574707031e-01,1.455259229987859726e-02,7.456279397010803223e-01,9.977661371231079102e-01,1.305859349668025970e-02,3.686120361089706421e-02,-5.416163429617881775e-02,-4.831243455410003662e-01,6.347967684268951416e-02,4.479422271251678467e-01,3.824523687362670898e-01,-4.114767163991928101e-02,8.876601606607437134e-02,8.988574892282485962e-02,-2.867582067847251892e-02,-1.670131087303161621e-02,7.805894017219543457e-01,-2.647854089736938477e-01,-1.125258486717939377e-02,3.336884081363677979e-02,-1.323876827955245972e-01,9.510842710733413696e-02,1.348810940980911255e-01,2.775956094264984131e-01,-2.714351117610931396e-01,1.020243763923645020e+00,2.309986799955368042e-01,8.067335933446884155e-02,1.097212210297584534e-01,1.374751478433609009e-01,-4.174737632274627686e-01,4.268914759159088135e-01,7.217882275581359863e-01,-1.858012825250625610e-01,8.498790860176086426e-02,1.099591702222824097e-02
3.413619399070739746e-01,1.564341597259044647e-02,7.468362450599670410e-01,9.983593821525573730e-01,2.743645384907722473e-02,3.095459938049316406e-02,-3.959171473979949951e-02,-4.447230696678161621e-01,1.717665977776050568e-02,4.347976744174957275e-01,4.261595606803894043e-01,-9.289192408323287964e-02,1.041954681277275085e-01,1.875282637774944305e-02,-8.668177574872970581e-02,-4.759494215250015259e-02,1.010366082191467285e+00,-1.500599086284637451e-01,-4.564839400700293481e-05,1.252660807222127914e-02,-1.751329153776168823e-01,9.808440506458282471e-02,1.133091896772384644e-01,2.863740622997283936e-01,-2.885826826095581055e-01,1.049817919731140137e+00,2.490248978137969971e-01,8.848327398300170898e-02,1.110531911253929138e-01,1.827157735824584961e-01,-3.949510753154754639e-01,4.065648019313812256e-01,7.123527526855468750e-01,-1.817854940891265869e-01,8.587115257978439331e-02,2.252131886780261993e-02
3.750784695148468018e-01,1.708724349737167358e-02,7.489518523216247559e-01,9.984682798385620117e-01,4.271927103400230408e-02,2.291417680680751801e-02,-2.666668035089969635e-02,-3.789716958999633789e-01,-4.002057388424873352e-02,4.212347567081451416e-01,4.179283380508422852e-01,-1.306157261133193970e-01,1.074420437216758728e-01,-6.521213799715042114e-02,-1.527829915285110474e-01,-5.489931255578994751e-02,1.231646656990051270e+00,-8.063993602991104126e-02,1.606787741184234619e-02,-8.316682651638984680e-03,-2.136239856481552124e-01,1.053190380334854126e-01,9.483463317155838013e-02,2.945328354835510254e-01,-3.148605227470397949e-01,1.063982486724853516e+00,2.878560721874237061e-01,9.366245567798614502e-02,1.110031306743621826e-01,2.215240001678466797e-01,-3.756269812583923340e-01,4.009108543395996094e-01,7.017365694046020508e-01,-1.711616963148117065e-01,8.225587755441665649e-02,2.678094618022441864e-02
4.078071713447570801e-01,1.870972663164138794e-02,7.527396082878112793e-01,9.984137415885925293e-01,5.182736739516258240e-02,1.559517905116081238e-02,-1.551103498786687851e-02,-3.007057309150695801e-01,-8.780589699745178223e-02,4.016618430614471436e-01,3.769229948520660400e-01,-1.541373729705810547e-01,1.050895005464553833e-01,-1.456311643123626709e-01,-1.914775222539901733e-01,-4.375417158007621765e-02,1.389388918876647949e+00,-1.307460665702819824e-01,2.395525947213172913e-02,-2.502144686877727509e-02,-2.337510436773300171e-01,1.125378534197807312e-01,8.037774264812469482e-02,3.016840517520904541e-01,-3.373987376689910889e-01,1.057837724685668945e+00,3.293027281761169434e-01,9.226127713918685913e-02,1.120089590549468994e-01,2.563121318817138672e-01,-3.620215356349945068e-01,4.113253057003021240e-01,6.962010860443115234e-01,-1.680217683315277100e-01,7.602595537900924683e-02,2.483262494206428528e-02
4.411080479621887207e-01,2.044100314378738403e-02,7.584044933319091797e-01,9.987741112709045410e-01,4.830125719308853149e-02,8.742160163819789886e-03,-6.386962253600358963e-03,-2.180616408586502075e-01,-1.034030392765998840e-01,3.722464442253112793e-01,3.357477188110351562e-01,-1.795525550842285156e-01,9.431193768978118896e-02,-2.276687920093536377e-01,-1.957411468029022217e-01,-3.628213331103324890e-02,1.474456071853637695e+00,-1.921680122613906860e-01,1.712973415851593018e-02,-3.492669761180877686e-02,-2.234510332345962524e-01,1.196473091840744019e-01,6.979888677597045898e-02,3.032402396202087402e-01,-3.377967476844787598e-01,1.033338189125061035e+00,3.501741588115692139e-01,8.701664209365844727e-02,1.187282279133796692e-01,2.866597473621368408e-01,-3.523557186126708984e-01,4.324027299880981445e-01,7.066648602485656738e-01,-1.725790947675704956e-01,7.016100734472274780e-02,2.761526964604854584e-02
4.738276898860931396e-01,2.184173837304115295e-02,7.640675902366638184e-01,9.992384910583496094e-01,3.882426396012306213e-02,2.872317563742399216e-03,2.608023816719651222e-03,-1.363660544157028198e-01,-1.010971069335937500e-01,3.386401236057281494e-01,2.960094213485717773e-01,-2.048300057649612427e-01,7.984953373670578003e-02,-3.050521016120910645e-01,-2.008073627948760986e-01,-5.395161733031272888e-02,1.493710994720458984e+00,-2.412946522235870361e-01,3.632132196798920631e-03,-4.231380298733711243e-02,-1.987310051918029785e-01,1.261072009801864624e-01,6.373473256826400757e-02,2.993622422218322754e-01,-3.189709484577178955e-01,9.951745271682739258e-01,3.436653912067413330e-01,7.992642372846603394e-02,1.298044472932815552e-01,3.081400692462921143e-01,-3.478301167488098145e-01,4.597305953502655029e-01,7.329279780387878418e-01,-1.883686929941177368e-01,6.624033302068710327e-02,4.174450784921646118e-02
5.056238174438476562e-01,2.282335050404071808e-02,7.682824134826660156e-01,9.995324611663818359e-01,2.780573442578315735e-02,-6.044395267963409424e-04,1.269981451332569122e-02,-6.343530118465423584e-02,-9.010061621665954590e-02,3.045601248741149902e-01,2.603384852409362793e-01,-2.268957644701004028e-01,6.398548930883407593e-02,-3.751305043697357178e-01,-2.180662453174591064e-01,-9.925931692123413086e-02,1.456880927085876465e+00,-2.782292664051055908e-01,-1.759350672364234924e-02,-5.017241835594177246e-02,-1.706326007843017578e-01,1.298322826623916626e-01,6.080036982893943787e-02,2.944913506507873535e-01,-2.941043972969055176e-01,9.493034482002258301e-01,3.231669068336486816e-01,7.353262603282928467e-02,1.400237530469894409e-01,3.212651908397674561e-01,-3.477103412151336670e-01,4.870084822177886963e-01,7.619779706001281738e-01,-2.167636603116989136e-01,6.597595661878585815e-02,6.400572508573532104e-02
5.365734696388244629e-01,2.336215786635875702e-02,7.703138589859008789e-01,9.995583891868591309e-01,1.826436445116996765e-02,-1.141197048127651215e-03,2.341278269886970520e-02,-5.773661192506551743e-03,-7.670822739601135254e-02,2.734301686286926270e-01,2.370093017816543579e-01,-2.506635487079620361e-01,4.918957501649856567e-02,-4.384139180183410645e-01,-2.277641147375106812e-01,-1.485072076320648193e-01,1.369984865188598633e+00,-2.949952185153961182e-01,-3.046760708093643188e-02,-5.880295112729072571e-02,-1.462351381778717041e-01,1.304896473884582520e-01,5.891570076346397400e-02,2.940295338630676270e-01,-2.736523747444152832e-01,9.030947089195251465e-01,2.974360287189483643e-01,6.892628222703933716e-02,1.486589014530181885e-01,3.272514641284942627e-01,-3.497491180896759033e-01,5.105283856391906738e-01,7.862594723701477051e-01,-2.461064755916595459e-01,6.700853258371353149e-02,8.250471204519271851e-02
5.664507746696472168e-01,2.322989702224731445e-02,7.700780034065246582e-01,9.993483424186706543e-01,1.083867065608501434e-02,8.728167740628123283e-04,3.441890701651573181e-02,3.645597025752067566e-02,-6.264418363571166992e-02,2.466329336166381836e-01,2.305692285299301147e-01,-2.814478874206542969e-01,3.528226912021636963e-02,-4.930440485477447510e-01,-2.246706336736679077e-01,-1.907510161399841309e-01,1.237825274467468262e+00,-2.880520224571228027e-01,-3.511443361639976501e-02,-6.766089051961898804e-02,-1.276349872350692749e-01,1.290700286626815796e-01,5.637597665190696716e-02,2.998373806476593018e-01,-2.594440281391143799e-01,8.632660508155822754e-01,2.740989029407501221e-01,6.609708815813064575e-02,1.570045202970504761e-01,3.291640579700469971e-01,-3.513624966144561768e-01,5.274494886398315430e-01,8.034428358078002930e-01,-2.648109793663024902e-01,6.777285784482955933e-02,9.019920229911804199e-02
5.957809686660766602e-01,2.243624255061149597e-02,7.678664326667785645e-01,9.989393353462219238e-01,5.311782937496900558e-03,4.908573813736438751e-03,4.547421634197235107e-02,6.795719265937805176e-02,-4.812573269009590149e-02,2.249223738908767700e-01,2.358615398406982422e-01,-3.182371258735656738e-01,2.027196623384952545e-02,-5.320438146591186523e-01,-2.109950780868530273e-01,-2.238810658454895020e-01,1.055253624916076660e+00,-2.487270236015319824e-01,-2.721155248582363129e-02,-7.607058435678482056e-02,-1.145017817616462708e-01,1.265400052070617676e-01,5.208229646086692810e-02,3.098175823688507080e-01,-2.484685629606246948e-01,8.334755897521972656e-01,2.560331225395202637e-01,6.568214297294616699e-02,1.650707721710205078e-01,3.290165364742279053e-01,-3.522585332393646240e-01,5.388968586921691895e-01,8.152910470962524414e-01,-2.716060876846313477e-01,6.911103427410125732e-02,8.853809535503387451e-02
6.300678849220275879e-01,2.012558467686176300e-02,7.643172144889831543e-01,9.983549118041992188e-01,1.232201117090880871e-03,1.001848652958869934e-02,5.644148215651512146e-02,9.445648640394210815e-02,-3.306267783045768738e-02,2.060998678207397461e-01,2.482663989067077637e-01,-3.567296266555786133e-01,2.103600418195128441e-03,-5.438063144683837891e-01,-1.866388171911239624e-01,-2.465701848268508911e-01,8.096519708633422852e-01,-1.674433350563049316e-01,-1.811175607144832611e-03,-8.346890658140182495e-02,-1.056165173649787903e-01,1.234140098094940186e-01,4.721900448203086853e-02,3.206338584423065186e-01,-2.372848838567733765e-01,8.148238658905029297e-01,2.422337830066680908e-01,6.565541774034500122e-02,1.724041402339935303e-01,3.277043402194976807e-01,-3.539323806762695312e-01,5.474287867546081543e-01,8.225782513618469238e-01,-2.717297673225402832e-01,7.081057131290435791e-02,8.222164213657379150e-02
6.603056192398071289e-01,1.793069764971733093e-02,7.598372101783752441e-01,9.976773858070373535e-01,-1.516146934591233730e-03,1.427794061601161957e-02,6.658557057380676270e-02,1.193179786205291748e-01,-1.742235012352466583e-02,1.884372830390930176e-01,2.732426524162292480e-01,-3.923399150371551514e-01,-2.248055674135684967e-02,-5.167336463928222656e-01,-1.483347862958908081e-01,-2.457360625267028809e-01,4.946141242980957031e-01,-6.289650499820709229e-02,4.355767369270324707e-02,-8.749781548976898193e-02,-1.002839803695678711e-01,1.219010204076766968e-01,4.613872244954109192e-02,3.287383615970611572e-01,-2.282835394144058228e-01,8.112398982048034668e-01,2.252217084169387817e-01,6.108242273330688477e-02,1.789233386516571045e-01,3.236037492752075195e-01,-3.557834327220916748e-01,5.551054477691650391e-01,8.230381011962890625e-01,-2.716399431228637695e-01,7.051911950111389160e-02,7.904623448848724365e-02
6.928973793983459473e-01,1.552033890038728714e-02,7.546463012695312500e-01,9.967523217201232910e-01,1.625361386686563492e-03,1.568182930350303650e-02,7.897016406059265137e-02,1.526414752006530762e-01,-1.190089061856269836e-02,1.676087975502014160e-01,3.068048954010009766e-01,-4.182243347167968750e-01,-4.470429942011833191e-02,-4.616192579269409180e-01,-1.209126114845275879e-01,-2.283705174922943115e-01,1.648924499750137329e-01,2.021457813680171967e-02,9.311262518167495728e-02,-9.520178288221359253e-02,-1.079924404621124268e-01,1.228449195623397827e-01,4.541265591979026794e-02,3.374661505222320557e-01,-2.229309678077697754e-01,8.183429241180419922e-01,1.913048177957534790e-01,6.102809309959411621e-02,1.782768815755844116e-01,3.223421871662139893e-01,-3.580682575702667236e-01,5.633531212806701660e-01,8.267569541931152344e-01,-2.666657269001007080e-01,7.139818370342254639e-02,8.347642421722412109e-02
7.279672622680664062e-01,1.285857707262039185e-02,7.483196258544921875e-01,9.955850839614868164e-01,7.683421950787305832e-03,1.621622033417224884e-02,9.213189035654067993e-02,1.829822659492492676e-01,-7.498365361243486404e-03,1.443317085504531860e-01,3.465047478675842285e-01,-4.325242638587951660e-01,-7.236925512552261353e-02,-4.821694493293762207e-01,-1.408855617046356201e-01,-2.325862795114517212e-01,1.114796176552772522e-01,-4.871749877929687500e-02,8.974117040634155273e-02,-1.053532287478446960e-01,-1.214961856603622437e-01,1.229914501309394836e-01,5.415827408432960510e-02,3.429586589336395264e-01,-2.102973163127899170e-01,8.374443650245666504e-01,1.611135005950927734e-01,5.501079186797142029e-02,1.773619800806045532e-01,3.195106685161590576e-01,-3.594146668910980225e-01,5.730227828025817871e-01,8.317630887031555176e-01,-2.644124925136566162e-01,7.019443064928054810e-02,9.025062620639801025e-02
7.635743021965026855e-01,9.431019425392150879e-03,7.421119213104248047e-01,9.953749775886535645e-01,5.980894900858402252e-03,1.914273202419281006e-02,9.394907951354980469e-02,2.021255642175674438e-01,1.407346688210964203e-02,1.381882578134536743e-01,4.089201092720031738e-01,-4.440030753612518311e-01,-9.650768339633941650e-02,-4.770433306694030762e-01,-1.316842883825302124e-01,-2.794775664806365967e-01,1.101694256067276001e-01,-6.028322502970695496e-02,1.008392423391342163e-01,-1.008252725005149841e-01,-1.179901510477066040e-01,1.168826520442962646e-01,6.911370903253555298e-02,3.477005064487457275e-01,-2.030064910650253296e-01,8.653501272201538086e-01,1.335755884647369385e-01,5.397579073905944824e-02,1.730755716562271118e-01,3.097462654113769531e-01,-3.624021112918853760e-01,5.806438326835632324e-01,8.471798300743103027e-01,-2.638312876224517822e-01,7.032686471939086914e-02,9.327541291713714600e-02
7.985380887985229492e-01,5.943071097135543823e-03,7.388283014297485352e-01,9.959755539894104004e-01,-1.852197758853435516e-02,2.646298520267009735e-02,8.360190689563751221e-02,1.812917590141296387e-01,8.573689311742782593e-02,1.393007040023803711e-01,5.335878133773803711e-01,-4.534580707550048828e-01,-1.230593025684356689e-01,-4.784140288829803467e-01,-6.109583377838134766e-02,-3.117095232009887695e-01,1.330216825008392334e-01,6.394863128662109375e-02,4.115981981158256531e-02,-8.183254301548004150e-02,-6.598450243473052979e-02,1.018353849649429321e-01,9.310632944107055664e-02,3.459666669368743896e-01,-1.987571865320205688e-01,9.008665084838867188e-01,1.183507516980171204e-01,5.506380274891853333e-02,1.617661863565444946e-01,2.808218896389007568e-01,-3.636532425880432129e-01,5.898309350013732910e-01,8.782323002815246582e-01,-2.620358765125274658e-01,7.332769781351089478e-02,1.015418395400047302e-01
8.353070020675659180e-01,2.291668206453323364e-03,7.370590567588806152e-01,9.962409734725952148e-01,-4.163700342178344727e-02,2.427174523472785950e-02,7.198032736778259277e-02,1.650726795196533203e-01,1.626800298690795898e-01,1.350297629833221436e-01,6.986682415008544922e-01,-4.039675295352935791e-01,-1.386309266090393066e-01,-4.992804825305938721e-01,-8.521760813891887665e-03,-3.191419243812561035e-01,2.609435915946960449e-01,1.086183488368988037e-01,-7.920987904071807861e-03,-6.482248008251190186e-02,-1.478479243814945221e-02,9.361413866281509399e-02,1.259077936410903931e-01,3.370902240276336670e-01,-1.972660273313522339e-01,9.415577054023742676e-01,9.435345232486724854e-02,5.775078013539314270e-02,1.553423106670379639e-01,2.351020127534866333e-01,-3.676430284976959229e-01,6.111201643943786621e-01,9.240675568580627441e-01,-2.631408870220184326e-01,7.763199508190155029e-02,1.104903966188430786e-01
8.721216917037963867e-01,-1.305252313613891602e-03,7.367990612983703613e-01,9.962596297264099121e-01,-6.328712403774261475e-02,1.326270494610071182e-02,5.732047185301780701e-02,1.343256086111068726e-01,2.356966584920883179e-01,1.211833357810974121e-01,9.107598662376403809e-01,-2.790786027908325195e-01,-1.427032649517059326e-01,-4.938845634460449219e-01,5.385154113173484802e-02,-3.158360719680786133e-01,3.812001347541809082e-01,4.517190903425216675e-02,-6.736934930086135864e-02,-5.097004026174545288e-02,3.290301188826560974e-02,1.018673852086067200e-01,1.645659804344177246e-01,3.262739777565002441e-01,-2.121684998273849487e-01,9.930149316787719727e-01,9.281241148710250854e-02,6.207324191927909851e-02,1.338178217411041260e-01,1.704705804586410522e-01,-3.702935576438903809e-01,6.454805731773376465e-01,9.807561039924621582e-01,-2.712821364402770996e-01,8.841592818498611450e-02,1.295513361692428589e-01
9.068179130554199219e-01,-4.611495882272720337e-03,7.389178872108459473e-01,9.959840774536132812e-01,-7.766945660114288330e-02,-1.044476011884398758e-04,4.453309997916221619e-02,9.211453795433044434e-02,2.997817099094390869e-01,1.143966093659400940e-01,1.121398448944091797e+00,-1.256942749023437500e-01,-1.451718509197235107e-01,-4.358143806457519531e-01,1.141682192683219910e-01,-3.038418889045715332e-01,4.102794528007507324e-01,-1.438378356397151947e-02,-8.620183914899826050e-02,-4.395811632275581360e-02,6.151790171861648560e-02,1.176921874284744263e-01,1.951830387115478516e-01,3.207157254219055176e-01,-2.580470144748687744e-01,1.048179626464843750e+00,1.333851665258407593e-01,7.726613432168960571e-02,9.453523159027099609e-02,9.436970204114913940e-02,-3.699471056461334229e-01,6.852912902832031250e-01,1.023658037185668945e+00,-2.924321889877319336e-01,1.107941716909408569e-01,1.502736508846282959e-01
9.392423629760742188e-01,-6.744030863046646118e-03,7.427387833595275879e-01,9.958665370941162109e-01,-8.383886516094207764e-02,-9.781897999346256256e-03,3.354435041546821594e-02,4.126216471195220947e-02,3.778928220272064209e-01,1.518649011850357056e-01,1.292500376701354980e+00,-8.178994804620742798e-02,-1.078177541494369507e-01,-3.653448820114135742e-01,1.548272520303726196e-01,-2.854058742523193359e-01,4.056873321533203125e-01,-6.131344288587570190e-02,-9.825941920280456543e-02,-4.063218832015991211e-02,6.947640329599380493e-02,1.313949823379516602e-01,2.092071622610092163e-01,3.194284439086914062e-01,-3.233278691768646240e-01,1.096088528633117676e+00,2.162172943353652954e-01,9.870600700378417969e-02,4.544660821557044983e-02,1.744493469595909119e-02,-3.723652660846710205e-01,7.056702971458435059e-01,1.013427257537841797e+00,-3.210958242416381836e-01,1.318080872297286987e-01,1.553851664066314697e-01
9.693440198898315430e-01,-7.479887455701828003e-03,7.491484284400939941e-01,9.961208701133728027e-01,-8.309461176395416260e-02,-1.702239364385604858e-02,2.342633716762065887e-02,-2.115345560014247894e-02,4.250525832176208496e-01,1.873143464326858521e-01,1.400766134262084961e+00,-1.268721818923950195e-01,-6.628063321113586426e-02,-2.891193330287933350e-01,1.765144020318984985e-01,-2.590461075305938721e-01,3.832560479640960693e-01,-9.525412321090698242e-02,-1.097958013415336609e-01,-3.438524901866912842e-02,6.320339441299438477e-02,1.429925709962844849e-01,2.136081308126449585e-01,3.156325221061706543e-01,-3.732799589633941650e-01,1.120790719985961914e+00,2.924199700355529785e-01,1.136349812150001526e-01,5.257069133222103119e-03,-4.540085792541503906e-02,-3.765448033809661865e-01,6.782339811325073242e-01,9.305729269981384277e-01,-3.318849205970764160e-01,1.390148699283599854e-01,1.319928914308547974e-01
9.973293542861938477e-01,-6.851494312286376953e-03,7.563341856002807617e-01,9.965422153472900391e-01,-7.833295315504074097e-02,-2.457666583359241486e-02,1.279026549309492111e-02,-9.142407029867172241e-02,4.279620349407196045e-01,2.063200920820236206e-01,1.445783257484436035e+00,-1.743415296077728271e-01,-4.419718682765960693e-02,-2.045639306306838989e-01,1.868355721235275269e-01,-2.235266864299774170e-01,3.430503904819488525e-01,-1.193300411105155945e-01,-1.130427345633506775e-01,-2.086936123669147491e-02,5.271882563829421997e-02,1.546836793422698975e-01,2.122326791286468506e-01,3.073115944862365723e-01,-3.884502053260803223e-01,1.115790009498596191e+00,3.308134377002716064e-01,1.178760156035423279e-01,-9.838963858783245087e-03,-8.797124028205871582e-02,-3.830132484436035156e-01,6.114496588706970215e-01,7.912378311157226562e-01,-3.139633834362030029e-01,1.309647113084793091e-01,8.099171519279479980e-02
1.024478793144226074e+00,-5.368627607822418213e-03,7.622933387756347656e-01,9.969278573989868164e-01,-7.194126397371292114e-02,-3.094951435923576355e-02,1.188749796710908413e-03,-1.572143286466598511e-01,4.204506576061248779e-01,2.337367683649063110e-01,1.434676170349121094e+00,-2.124616205692291260e-01,-2.753162011504173279e-02,-1.235845610499382019e-01,1.884285956621170044e-01,-1.841298192739486694e-01,2.983181476593017578e-01,-1.373369842767715454e-01,-1.096823737025260925e-01,-8.697735029272735119e-04,4.305011034011840820e-02,1.639014929533004761e-01,2.074078768491744995e-01,2.952201664447784424e-01,-3.671493828296661377e-01,1.086251974105834961e+00,3.285260200500488281e-01,1.115467995405197144e-01,3.085772972553968430e-03,-1.200710460543632507e-01,-3.959081470966339111e-01,5.396798849105834961e-01,6.265654563903808594e-01,-2.738029956817626953e-01,1.109956204891204834e-01,2.977109886705875397e-02
1.052060842514038086e+00,-3.700520843267440796e-03,7.663833498954772949e-01,9.972052574157714844e-01,-6.546157598495483398e-02,-3.467235341668128967e-02,-9.715171530842781067e-03,-2.186571657657623291e-01,4.195472002029418945e-01,2.724105119705200195e-01,1.379278063774108887e+00,-2.430210411548614502e-01,-8.799985982477664948e-03,-5.376452207565307617e-02,1.833998411893844604e-01,-1.489108353853225708e-01,2.590108513832092285e-01,-1.548755019903182983e-01,-1.032930985093116760e-01,2.015469968318939209e-02,3.463166207075119019e-02,1.701875030994415283e-01,1.991994231939315796e-01,2.806365489959716797e-01,-3.228042125701904297e-01,1.041912674903869629e+00,2.945372462272644043e-01,9.966952353715896606e-02,3.424437716603279114e-02,-1.544411778450012207e-01,-4.160377383232116699e-01,4.781297445297241211e-01,4.530027806758880615e-01,-2.290602773427963257e-01,8.911405503749847412e-02,-4.482296761125326157e-03
1.079379200935363770e+00,-2.122182399034500122e-03,7.685803174972534180e-01,9.974132776260375977e-01,-5.974778905510902405e-02,-3.560250997543334961e-02,-1.814886555075645447e-02,-2.799741029739379883e-01,4.159222245216369629e-01,3.068158924579620361e-01,1.287027955055236816e+00,-2.566394507884979248e-01,2.919974504038691521e-03,5.917082540690898895e-03,1.746326088905334473e-01,-1.233086064457893372e-01,2.248913943767547607e-01,-1.738643050193786621e-01,-9.558011591434478760e-02,3.790523856878280640e-02,2.716648951172828674e-02,1.737289726734161377e-01,1.869497150182723999e-01,2.657187581062316895e-01,-2.719248533248901367e-01,9.934167265892028809e-01,2.471208125352859497e-01,8.699440956115722656e-02,7.392182946205139160e-02,-1.939156055450439453e-01,-4.389913082122802734e-01,4.229772090911865234e-01,2.787180244922637939e-01,-1.867718696594238281e-01,6.901162117719650269e-02,-3.276498988270759583e-02
1.106259107589721680e+00,-4.912056028842926025e-04,7.690534591674804688e-01,9.975501298904418945e-01,-5.599801614880561829e-02,-3.443666920065879822e-02,-2.391869388520717621e-02,-3.407084047794342041e-01,4.013409018516540527e-01,3.227611184120178223e-01,1.163771629333496094e+00,-2.540856301784515381e-01,-3.219007921870797873e-04,5.985196307301521301e-02,1.664174348115921021e-01,-1.079878881573677063e-01,1.927235573530197144e-01,-1.928687691688537598e-01,-8.818083256483078003e-02,5.143421515822410583e-02,2.200537733733654022e-02,1.743517667055130005e-01,1.709091365337371826e-01,2.525877058506011963e-01,-2.259587496519088745e-01,9.495366215705871582e-01,2.041368931531906128e-01,7.680696994066238403e-02,1.125233024358749390e-01,-2.396217733621597290e-01,-4.606523811817169189e-01,3.676769435405731201e-01,1.115700528025627136e-01,-1.452284902334213257e-01,5.329777300357818604e-02,-6.151999533176422119e-02
1.133692622184753418e+00,1.395419239997863770e-03,7.681776881217956543e-01,9.976660013198852539e-01,-5.397267267107963562e-02,-3.130719065666198730e-02,-2.773755975067615509e-02,-3.952805399894714355e-01,3.754009008407592773e-01,3.210609257221221924e-01,1.006137013435363770e+00,-2.354094535112380981e-01,-2.070822939276695251e-02,1.088807508349418640e-01,1.594843566417694092e-01,-9.987683594226837158e-02,1.637006103992462158e-01,-2.121768891811370850e-01,-8.091447502374649048e-02,6.068334355950355530e-02,1.818570122122764587e-02,1.709444522857666016e-01,1.519288271665573120e-01,2.430330961942672729e-01,-1.916573196649551392e-01,9.155909419059753418e-01,1.738763749599456787e-01,7.067532837390899658e-02,1.433040946722030640e-01,-2.936618626117706299e-01,-4.796248972415924072e-01,3.119273483753204346e-01,-4.172692447900772095e-02,-1.045518815517425537e-01,4.648986458778381348e-02,-8.493895083665847778e-02
1.160365819931030273e+00,3.638003021478652954e-03,7.663946747779846191e-01,9.978229403495788574e-01,-5.251687392592430115e-02,-2.593065425753593445e-02,-3.031425178050994873e-02,-4.352017641067504883e-01,3.405468463897705078e-01,3.139943778514862061e-01,8.071492910385131836e-01,-1.902691572904586792e-01,-5.078261345624923706e-02,1.502154469490051270e-01,1.521369069814682007e-01,-9.473355859518051147e-02,1.408075690269470215e-01,-2.327822297811508179e-01,-7.238283753395080566e-02,6.564059853553771973e-02,1.304966118186712265e-02,1.622339487075805664e-01,1.307134479284286499e-01,2.384105175733566284e-01,-1.707347929477691650e-01,8.950681090354919434e-01,1.569833010435104370e-01,6.770400702953338623e-02,1.636656075716018677e-01,-3.590998947620391846e-01,-4.958735406398773193e-01,2.616044282913208008e-01,-1.774621456861495972e-01,-6.649929285049438477e-02,4.448228329420089722e-02,-1.003163903951644897e-01
1.186520695686340332e+00,6.337728351354598999e-03,7.636983990669250488e-01,9.979925751686096191e-01,-5.105394497513771057e-02,-1.937327347695827484e-02,-3.207829222083091736e-02,-4.499608576297760010e-01,2.951921820640563965e-01,3.109772205352783203e-01,5.722130537033081055e-01,-1.190096586942672729e-01,-8.443261682987213135e-02,1.834276467561721802e-01,1.434320211410522461e-01,-9.010880440473556519e-02,1.269515901803970337e-01,-2.575289607048034668e-01,-6.064988672733306885e-02,6.707541644573211670e-02,5.408414173871278763e-03,1.500277966260910034e-01,1.115044802427291870e-01,2.396376729011535645e-01,-1.634622067213058472e-01,8.881933093070983887e-01,1.536699831485748291e-01,6.727065145969390869e-02,1.727049648761749268e-01,-4.380483329296112061e-01,-5.099970698356628418e-01,2.235517501831054688e-01,-2.880163490772247314e-01,-2.747679129242897034e-02,3.864799812436103821e-02,-1.105431243777275085e-01
1.214417219161987305e+00,9.367771446704864502e-03,7.597607970237731934e-01,9.979856014251708984e-01,-5.180229619145393372e-02,-1.369440555572509766e-02,-3.396545350551605225e-02,-4.353826642036437988e-01,2.501073777675628662e-01,3.195668458938598633e-01,3.204860389232635498e-01,-4.828277602791786194e-02,-1.288814991712570190e-01,2.137182950973510742e-01,1.386952549219131470e-01,-8.646805584430694580e-02,1.215604543685913086e-01,-2.834689617156982422e-01,-4.597578570246696472e-02,6.775239855051040649e-02,7.507138652727007866e-04,1.372718811035156250e-01,9.850703924894332886e-02,2.461539059877395630e-01,-1.673773825168609619e-01,8.915665149688720703e-01,1.595360487699508667e-01,6.895004212856292725e-02,1.740510761737823486e-01,-5.328570604324340820e-01,-5.287221074104309082e-01,1.990953534841537476e-01,-3.673912584781646729e-01,2.957769855856895447e-02,2.703211084008216858e-02,-1.257592588663101196e-01
1.244510293006896973e+00,1.275007426738739014e-02,7.546691894531250000e-01,9.975011348724365234e-01,-5.760997906327247620e-02,-1.107778679579496384e-02,-3.936931490898132324e-02,-4.097585678100585938e-01,2.328191548585891724e-01,3.431943655014038086e-01,1.263883709907531738e-01,-1.458476111292839050e-02,-1.694308072328567505e-01,2.452546209096908569e-01,1.441545933485031128e-01,-8.065132796764373779e-02,1.247293204069137573e-01,-3.028967380523681641e-01,-3.322241827845573425e-02,7.238005101680755615e-02,7.179775740951299667e-03,1.293181329965591431e-01,9.091543406248092651e-02,2.561022341251373291e-01,-1.774725615978240967e-01,9.022833108901977539e-01,1.706035584211349487e-01,7.082763314247131348e-02,1.680495291948318481e-01,-6.439487338066101074e-01,-5.593754649162292480e-01,1.948747187852859497e-01,-4.152517616748809814e-01,1.074317544698715210e-01,1.988565176725387573e-02,-1.428444683551788330e-01
1.274483919143676758e+00,1.659359037876129150e-02,7.498773336410522461e-01,9.969298839569091797e-01,-6.368467211723327637e-02,-1.071466878056526184e-02,-4.427451640367507935e-02,-4.237090647220611572e-01,2.354937791824340820e-01,3.464965820312500000e-01,1.063545867800712585e-01,-5.381668359041213989e-02,-1.668580025434494019e-01,2.804141938686370850e-01,1.445133388042449951e-01,-8.078452944755554199e-02,1.438957750797271729e-01,-3.149911165237426758e-01,-2.448995225131511688e-02,7.263086736202239990e-02,1.569791510701179504e-02,1.245072260499000549e-01,9.398929774761199951e-02,2.631688714027404785e-01,-1.890479773283004761e-01,9.234111309051513672e-01,1.845040917396545410e-01,7.017133384943008423e-02,1.622464209794998169e-01,-7.613874673843383789e-01,-6.036045551300048828e-01,2.136516571044921875e-01,-4.344397187232971191e-01,1.978345811367034912e-01,1.676528528332710266e-02,-1.705647557973861694e-01
1.304795622825622559e+00,2.139954268932342529e-02,7.466413974761962891e-01,9.972181916236877441e-01,-5.938057601451873779e-02,-8.497764356434345245e-03,-4.424505308270454407e-02,-4.140498638153076172e-01,2.180103808641433716e-01,3.708073496818542480e-01,1.216287612915039062e-01,-5.756998062133789062e-02,-1.212520226836204529e-01,2.891524434089660645e-01,1.195540577173233032e-01,-8.729090541601181030e-02,2.185049057006835938e-01,-3.380269110202789307e-01,-1.156306453049182892e-02,6.638437509536743164e-02,2.325580222532153130e-03,1.200979873538017273e-01,9.800516068935394287e-02,2.692753076553344727e-01,-2.009608745574951172e-01,9.476553201675415039e-01,1.974057704210281372e-01,7.229801267385482788e-02,1.529177725315093994e-01,-8.699617981910705566e-01,-6.622924208641052246e-01,2.471191734075546265e-01,-4.281239211559295654e-01,2.915129661560058594e-01,1.302844006568193436e-02,-2.034475207328796387e-01
1.336318373680114746e+00,2.635677903890609741e-02,7.453499436378479004e-01,9.986456632614135742e-01,-3.548059239983558655e-02,-3.763665677979588509e-03,-3.786588087677955627e-02,-4.363859295845031738e-01,1.663361191749572754e-01,3.851216137409210205e-01,2.262716591358184814e-01,-9.290749207139015198e-03,-1.037632487714290619e-02,2.567444443702697754e-01,4.906704649329185486e-02,-1.007207334041595459e-01,3.697814345359802246e-01,-3.744463622570037842e-01,1.554972026497125626e-02,5.585350468754768372e-02,-5.454163625836372375e-02,1.092572510242462158e-01,1.002312377095222473e-01,2.809648513793945312e-01,-2.137579619884490967e-01,9.780268669128417969e-01,2.016364187002182007e-01,7.982048392295837402e-02,1.428018957376480103e-01,-9.674630165100097656e-01,-7.226728796958923340e-01,2.911094129085540771e-01,-3.997884094715118408e-01,3.740165233612060547e-01,7.910857908427715302e-03,-2.264539450407028198e-01
1.369943141937255859e+00,3.038210794329643250e-02,7.460008859634399414e-01,9.994211792945861816e-01,-1.431250013411045074e-02,-6.517136935144662857e-03,-3.016522154211997986e-02,-4.367973506450653076e-01,1.262709200382232666e-01,3.917217254638671875e-01,3.344963788986206055e-01,-8.171841502189636230e-03,4.185301065444946289e-02,2.235807180404663086e-01,-1.968297548592090607e-02,-1.167893707752227783e-01,5.519766211509704590e-01,-3.595749437808990479e-01,3.440808132290840149e-02,5.109751969575881958e-02,-1.105827540159225464e-01,1.118555068969726562e-01,9.578047692775726318e-02,2.995695471763610840e-01,-2.373291105031967163e-01,1.025124907493591309e+00,2.193835228681564331e-01,8.448312431573867798e-02,1.303446292877197266e-01,-1.041968345642089844e+00,-7.876415252685546875e-01,3.527114391326904297e-01,-3.801162242889404297e-01,4.540996849536895752e-01,2.338849008083343506e-04,-2.460785359144210815e-01
1.404011249542236328e+00,3.426788002252578735e-02,7.490652799606323242e-01,9.997195005416870117e-01,-1.053676242008805275e-03,-1.347997598350048065e-02,-1.944332942366600037e-02,-4.041278660297393799e-01,9.414994716644287109e-02,3.948374688625335693e-01,4.001772403717041016e-01,-3.162993863224983215e-02,5.918335542082786560e-02,1.830261796712875366e-01,-7.589819282293319702e-02,-1.406501829624176025e-01,7.471026778221130371e-01,-2.784440517425537109e-01,4.207270219922065735e-02,4.612106457352638245e-02,-1.542721241712570190e-01,1.198245733976364136e-01,7.752808183431625366e-02,3.208570182323455811e-01,-2.652660906314849854e-01,1.081501007080078125e+00,2.353137880563735962e-01,9.248985350131988525e-02,1.210109367966651917e-01,-1.075701355934143066e+00,-8.514235019683837891e-01,4.157079160213470459e-01,-3.748695850372314453e-01,5.465876460075378418e-01,2.908358583226799965e-03,-2.582496404647827148e-01
1.437291741371154785e+00,3.799932450056076050e-02,7.531381249427795410e-01,9.997246861457824707e-01,6.482199765741825104e-03,-2.129174023866653442e-02,-7.433346938341856003e-03,-3.527883589267730713e-01,6.147784367203712463e-02,3.849628269672393799e-01,4.255350530147552490e-01,-7.673067599534988403e-02,6.732246279716491699e-02,1.243974715471267700e-01,-1.228424385190010071e-01,-1.539434045553207397e-01,9.495007991790771484e-01,-1.664049476385116577e-01,4.021934792399406433e-02,3.961486741900444031e-02,-1.844429522752761841e-01,1.318804621696472168e-01,5.623711645603179932e-02,3.410127758979797363e-01,-2.889945507049560547e-01,1.127586722373962402e+00,2.543948590755462646e-01,1.031552329659461975e-01,1.123387366533279419e-01,-1.091188549995422363e+00,-9.116176366806030273e-01,4.749979078769683838e-01,-3.751320540904998779e-01,6.298753023147583008e-01,2.123504644259810448e-03,-2.601979970932006836e-01
1.468100070953369141e+00,4.177065193653106689e-02,7.581606507301330566e-01,9.995320439338684082e-01,1.295135729014873505e-02,-2.747939154505729675e-02,3.585797501727938652e-03,-2.880308330059051514e-01,2.547271363437175751e-02,3.707795441150665283e-01,4.069249033927917480e-01,-1.105760782957077026e-01,6.489545106887817383e-02,4.367782548069953918e-02,-1.663271188735961914e-01,-1.514861285686492920e-01,1.140684008598327637e+00,-9.911829233169555664e-02,4.007840156555175781e-02,3.346959501504898071e-02,-2.080024033784866333e-01,1.414890736341476440e-01,3.973086923360824585e-02,3.616380393505096436e-01,-3.049356043338775635e-01,1.148348927497863770e+00,2.746316194534301758e-01,1.086295992136001587e-01,1.037060320377349854e-01,-1.104389190673828125e+00,-9.587181210517883301e-01,5.084214210510253906e-01,-3.828141391277313232e-01,6.822607517242431641e-01,7.809245726093649864e-04,-2.605758011341094971e-01
1.496167540550231934e+00,4.512706771492958069e-02,7.641245126724243164e-01,9.992668628692626953e-01,1.584238559007644653e-02,-3.148233890533447266e-02,1.495098602026700974e-02,-2.187322676181793213e-01,-5.682998336851596832e-03,3.499114513397216797e-01,3.616071939468383789e-01,-1.290742903947830200e-01,5.767384916543960571e-02,-3.715038299560546875e-02,-1.931609064340591431e-01,-1.503764986991882324e-01,1.271807909011840820e+00,-1.248847022652626038e-01,4.262889921665191650e-02,2.608469501137733459e-02,-2.209675163030624390e-01,1.452455222606658936e-01,2.711402066051959991e-02,3.816956579685211182e-01,-3.138508200645446777e-01,1.145932912826538086e+00,2.895842194557189941e-01,1.085043027997016907e-01,9.774091094732284546e-02,-1.117110013961791992e+00,-9.921345710754394531e-01,5.176423192024230957e-01,-3.983395397663116455e-01,6.902421116828918457e-01,5.460854619741439819e-03,-2.605554461479187012e-01
1.522764205932617188e+00,4.789527505636215210e-02,7.703614234924316406e-01,9.989881515502929688e-01,1.279672235250473022e-02,-3.433260321617126465e-02,2.607880346477031708e-02,-1.483602076768875122e-01,-2.096117660403251648e-02,3.217925727367401123e-01,3.106137216091156006e-01,-1.426577270030975342e-01,4.525990039110183716e-02,-1.142783463001251221e-01,-2.070929855108261108e-01,-1.619539558887481689e-01,1.337829470634460449e+00,-1.718140542507171631e-01,3.425565361976623535e-02,1.635474711656570435e-02,-2.204048335552215576e-01,1.439898610115051270e-01,2.032416872680187225e-02,3.980388343334197998e-01,-3.132008612155914307e-01,1.127532839775085449e+00,2.956019639968872070e-01,1.066436320543289185e-01,9.541033208370208740e-02,-1.132175445556640625e+00,-1.016508340835571289e+00,5.124064087867736816e-01,-4.206427633762359619e-01,6.551721096038818359e-01,9.770764037966728210e-03,-2.609713077545166016e-01
1.548966050148010254e+00,4.994018375873565674e-02,7.756121158599853516e-01,9.986562728881835938e-01,7.486934307962656021e-03,-3.507835790514945984e-02,3.740496933460235596e-02,-8.367697894573211670e-02,-2.725175581872463226e-02,2.911031842231750488e-01,2.598466873168945312e-01,-1.548110991716384888e-01,3.214140608906745911e-02,-1.881368160247802734e-01,-2.138296514749526978e-01,-1.821253895759582520e-01,1.346462368965148926e+00,-2.170779556035995483e-01,2.077728323638439178e-02,4.526098724454641342e-03,-2.149175554513931274e-01,1.385038793087005615e-01,2.016816660761833191e-02,4.112242460250854492e-01,-2.992103695869445801e-01,1.095359444618225098e+00,2.886975407600402832e-01,1.036075800657272339e-01,9.708609431982040405e-02,-1.156699538230895996e+00,-1.039262056350708008e+00,4.989362955093383789e-01,-4.408312141895294189e-01,5.958397388458251953e-01,1.117475517094135284e-02,-2.657628655433654785e-01
1.575222730636596680e+00,5.156768113374710083e-02,7.789846062660217285e-01,9.982108473777770996e-01,1.856364076957106590e-03,-3.397467359900474548e-02,4.916724562644958496e-02,-2.866633236408233643e-02,-2.733016945421695709e-02,2.626798450946807861e-01,2.197304368019104004e-01,-1.712795794010162354e-01,1.927773840725421906e-02,-2.536587715148925781e-01,-2.187005579471588135e-01,-2.121214121580123901e-01,1.302981138229370117e+00,-2.558234632015228271e-01,3.230300964787602425e-03,-8.197483606636524200e-03,-2.086936533451080322e-01,1.314720511436462402e-01,2.423151768743991852e-02,4.220506250858306885e-01,-2.738391757011413574e-01,1.051641583442687988e+00,2.681059241294860840e-01,9.948204457759857178e-02,1.019474864006042480e-01,-1.187941551208496094e+00,-1.060286641120910645e+00,4.739826917648315430e-01,-4.540987610816955566e-01,5.431979298591613770e-01,1.302818860858678818e-02,-2.817605733871459961e-01
1.601720094680786133e+00,5.328629910945892334e-02,7.802696228027343750e-01,9.976643323898315430e-01,-2.647067420184612274e-03,-3.198315575718879700e-02,6.029902398586273193e-02,1.713618449866771698e-02,-2.401552349328994751e-02,2.393169850111007690e-01,1.959838718175888062e-01,-1.960680484771728516e-01,7.504308130592107773e-03,-3.074743151664733887e-01,-2.133108526468276978e-01,-2.389917373657226562e-01,1.208500623703002930e+00,-2.784466445446014404e-01,-4.740733187645673752e-03,-2.051333338022232056e-02,-2.046471834182739258e-01,1.249592453241348267e-01,2.985113859176635742e-02,4.312016963958740234e-01,-2.435355037450790405e-01,1.003778100013732910e+00,2.383843362331390381e-01,9.536239504814147949e-02,1.093658134341239929e-01,-1.214263200759887695e+00,-1.077692389488220215e+00,4.381040930747985840e-01,-4.616153538227081299e-01,4.998543858528137207e-01,1.843870989978313446e-02,-3.040975332260131836e-01
1.628442645072937012e+00,5.515593290328979492e-02,7.797827124595642090e-01,9.971064925193786621e-01,-5.819970741868019104e-03,-2.976008318364620209e-02,6.970707327127456665e-02,5.770578980445861816e-02,-1.881038583815097809e-02,2.219974696636199951e-01,1.847670078277587891e-01,-2.274153381586074829e-01,-2.760801231488585472e-03,-3.477357029914855957e-01,-1.978953927755355835e-01,-2.593849003314971924e-01,1.066378355026245117e+00,-2.780259549617767334e-01,1.065572607330977917e-03,-3.206149861216545105e-02,-2.036337405443191528e-01,1.193644180893898010e-01,3.467159345746040344e-02,4.392434954643249512e-01,-2.160107344388961792e-01,9.618425965309143066e-01,2.102648615837097168e-01,9.334227442741394043e-02,1.172894090414047241e-01,-1.231726884841918945e+00,-1.091875076293945312e+00,3.982957005500793457e-01,-4.682993888854980469e-01,4.566382467746734619e-01,2.669047378003597260e-02,-3.313216269016265869e-01
1.655229330062866211e+00,5.685622990131378174e-02,7.777866721153259277e-01,9.966502189636230469e-01,-7.862966507673263550e-03,-2.718237601220607758e-02,7.673089206218719482e-02,9.622331708669662476e-02,-1.264938153326511383e-02,2.115637511014938354e-01,1.795722842216491699e-01,-2.631672918796539307e-01,-1.318219024688005447e-02,-3.743386566638946533e-01,-1.762133687734603882e-01,-2.753410339355468750e-01,8.849596977233886719e-01,-2.522611916065216064e-01,1.661997288465499878e-02,-4.315635561943054199e-02,-2.049843817949295044e-01,1.136792972683906555e-01,3.841257467865943909e-02,4.459700584411621094e-01,-1.940688341856002808e-01,9.293873310089111328e-01,1.914932429790496826e-01,9.460271149873733521e-02,1.229279935359954834e-01,-1.244017124176025391e+00,-1.105007648468017578e+00,3.611554801464080811e-01,-4.782775640487670898e-01,4.031307995319366455e-01,3.631396591663360596e-02,-3.637115955352783203e-01
1.682873606681823730e+00,5.840684473514556885e-02,7.745324969291687012e-01,9.963409900665283203e-01,-9.831431321799755096e-03,-2.424098737537860870e-02,8.136566728353500366e-02,1.328313648700714111e-01,-4.519513342529535294e-03,2.062177956104278564e-01,1.806661486625671387e-01,-3.014819025993347168e-01,-2.509680017828941345e-02,-3.839667141437530518e-01,-1.492218226194381714e-01,-2.926740348339080811e-01,6.721931695938110352e-01,-2.012935280799865723e-01,3.377539291977882385e-02,-5.450501665472984314e-02,-2.059339731931686401e-01,1.067595630884170532e-01,4.215727001428604126e-02,4.504486918449401855e-01,-1.793655455112457275e-01,9.077373147010803223e-01,1.862891465425491333e-01,9.737880527973175049e-02,1.251319199800491333e-01,-1.255112528800964355e+00,-1.120501160621643066e+00,3.306464850902557373e-01,-4.961836934089660645e-01,3.275834321975708008e-01,4.833648726344108582e-02,-4.048958718776702881e-01
1.712309241294860840e+00,5.981951206922531128e-02,7.702228426933288574e-01,9.961274266242980957e-01,-1.234085019677877426e-02,-2.175910584628582001e-02,8.428783714771270752e-02,1.695026159286499023e-01,6.440396420657634735e-03,2.013796865940093994e-01,1.902053356170654297e-01,-3.427845239639282227e-01,-3.923851996660232544e-02,-3.730529248714447021e-01,-1.106395795941352844e-01,-3.009327948093414307e-01,4.332315325736999512e-01,-1.412096470594406128e-01,5.184841528534889221e-02,-6.719146668910980225e-02,-2.043786942958831787e-01,9.935942292213439941e-02,4.746320098638534546e-02,4.525429606437683105e-01,-1.747569441795349121e-01,8.963476419448852539e-01,1.959055662155151367e-01,9.940509498119354248e-02,1.228310093283653259e-01,-1.265712380409240723e+00,-1.141907453536987305e+00,3.074175119400024414e-01,-5.261286497116088867e-01,2.110532373189926147e-01,6.418572366237640381e-02,-4.639674723148345947e-01
1.743268132209777832e+00,6.094963848590850830e-02,7.644649744033813477e-01,9.957834482192993164e-01,-1.260205078870058060e-02,-2.070049010217189789e-02,8.847656846046447754e-02,2.109193205833435059e-01,1.320341136306524277e-02,1.925580948591232300e-01,2.019144445657730103e-01,-3.831339180469512939e-01,-5.530753359198570251e-02,-3.489217758178710938e-01,-7.052847743034362793e-02,-2.854403853416442871e-01,2.022740244865417480e-01,-8.228027075529098511e-02,7.449217885732650757e-02,-8.407007902860641479e-02,-2.046877145767211914e-01,9.387784451246261597e-02,5.575671046972274780e-02,4.526861906051635742e-01,-1.785812377929687500e-01,8.870664238929748535e-01,2.210831195116043091e-01,1.033745333552360535e-01,1.143941432237625122e-01,-1.279145240783691406e+00,-1.166765570640563965e+00,2.902534306049346924e-01,-5.628094673156738281e-01,2.775699459016323090e-02,8.319534361362457275e-02,-5.512328147888183594e-01
1.774402260780334473e+00,6.227046251296997070e-02,7.574046254158020020e-01,9.952889084815979004e-01,-1.026926934719085693e-02,-2.085181139409542084e-02,9.412625432014465332e-02,2.550691664218902588e-01,1.532078906893730164e-02,1.816676557064056396e-01,2.136356830596923828e-01,-4.211293160915374756e-01,-7.494519650936126709e-02,-3.519686460494995117e-01,-5.669924244284629822e-02,-2.638475000858306885e-01,1.138224974274635315e-01,-7.276723533868789673e-02,8.338955044746398926e-02,-1.020264104008674622e-01,-2.055805623531341553e-01,9.047081321477890015e-02,6.567808240652084351e-02,4.501311182975769043e-01,-1.890607327222824097e-01,8.749948143959045410e-01,2.606639862060546875e-01,1.094087064266204834e-01,1.013240441679954529e-01,-1.299290180206298828e+00,-1.196285009384155273e+00,2.795411050319671631e-01,-5.969067215919494629e-01,-1.914998292922973633e-01,1.053368225693702698e-01,-6.444988250732421875e-01
1.805225968360900879e+00,6.370132416486740112e-02,7.503040432929992676e-01,9.951859116554260254e-01,-9.027789346873760223e-03,-2.145174145698547363e-02,9.520152956247329712e-02,2.966330349445343018e-01,2.002761885523796082e-02,1.803106963634490967e-01,2.321788370609283447e-01,-4.529510736465454102e-01,-9.973140805959701538e-02,-3.569415807723999023e-01,-4.642942175269126892e-02,-2.567870914936065674e-01,1.206562817096710205e-01,-7.730463892221450806e-02,9.228533506393432617e-02,-1.089068427681922913e-01,-1.982206702232360840e-01,8.936485648155212402e-02,7.676046341657638550e-02,4.439724385738372803e-01,-2.070972025394439697e-01,8.593342304229736328e-01,3.115329444408416748e-01,1.162605658173561096e-01,9.097082912921905518e-02,-1.318665742874145508e+00,-1.234302520751953125e+00,2.676702439785003662e-01,-6.227858066558837891e-01,-3.922863304615020752e-01,1.251641958951950073e-01,-7.040969133377075195e-01
1.837030410766601562e+00,6.492606550455093384e-02,7.447809576988220215e-01,9.954006075859069824e-01,-1.622934266924858093e-02,-2.177813835442066193e-02,9.186909347772598267e-02,3.128725588321685791e-01,4.971719905734062195e-02,1.927755773067474365e-01,3.151975274085998535e-01,-4.835083484649658203e-01,-1.180510222911834717e-01,-3.610044121742248535e-01,-1.699103787541389465e-02,-2.613790631294250488e-01,1.855184882879257202e-01,-4.779260605573654175e-02,7.406882941722869873e-02,-1.056972593069076538e-01,-1.692693382501602173e-01,8.858350664377212524e-02,9.293981641530990601e-02,4.313414692878723145e-01,-2.223520129919052124e-01,8.415712714195251465e-01,3.499713540077209473e-01,1.227549090981483459e-01,8.247199654579162598e-02,-1.314311146736145020e+00,-1.271434187889099121e+00,2.513519525527954102e-01,-6.486306786537170410e-01,-5.236181020736694336e-01,1.343155503273010254e-01,-7.139859795570373535e-01
1.868968486785888672e+00,6.541530787944793701e-02,7.418487668037414551e-01,9.951823949813842773e-01,-3.505617007613182068e-02,-2.211209386587142944e-02,8.884884417057037354e-02,2.779469788074493408e-01,1.175938174128532410e-01,1.894384473562240601e-01,5.090730190277099609e-01,-4.928831458091735840e-01,-1.316557228565216064e-01,-4.023461043834686279e-01,2.507203072309494019e-02,-2.469265162944793701e-01,3.334744572639465332e-01,5.608975887298583984e-03,-5.930881015956401825e-03,-1.038847044110298157e-01,-1.150819584727287292e-01,8.308754116296768188e-02,1.191534772515296936e-01,4.143825173377990723e-01,-2.227610945701599121e-01,8.298712968826293945e-01,3.672861456871032715e-01,1.199349462985992432e-01,7.826770097017288208e-02,-1.290747046470642090e+00,-1.289657831192016602e+00,2.301472872495651245e-01,-6.753528118133544922e-01,-5.864711403846740723e-01,1.468064934015274048e-01,-7.161567211151123047e-01
1.902366876602172852e+00,6.565962731838226318e-02,7.408775091171264648e-01,9.947652816772460938e-01,-5.057561397552490234e-02,-2.699191682040691376e-02,8.459072560071945190e-02,2.182591557502746582e-01,1.849790364503860474e-01,1.739236861467361450e-01,7.688295841217041016e-01,-4.252461194992065430e-01,-1.346531063318252563e-01,-3.952535688877105713e-01,5.711586028337478638e-02,-2.583320438861846924e-01,4.304478764533996582e-01,-2.650979347527027130e-02,-4.721488058567047119e-02,-9.843318164348602295e-02,-6.698887795209884644e-02,8.388862013816833496e-02,1.568141877651214600e-01,3.952531814575195312e-01,-2.282504886388778687e-01,8.225419521331787109e-01,3.733957111835479736e-01,1.246261671185493469e-01,8.202326297760009766e-02,-1.248834609985351562e+00,-1.287211179733276367e+00,1.889939159154891968e-01,-7.046551108360290527e-01,-6.447794437408447266e-01,1.625881642103195190e-01,-7.111153006553649902e-01
1.936498641967773438e+00,6.635592877864837646e-02,7.416523694992065430e-01,9.944145083427429199e-01,-6.299276649951934814e-02,-3.244507312774658203e-02,7.822340726852416992e-02,1.257502883672714233e-01,2.436420321464538574e-01,1.466324627399444580e-01,1.045576810836791992e+00,-2.765376865863800049e-01,-1.325925886631011963e-01,-3.571419417858123779e-01,9.392069280147552490e-02,-2.661460936069488525e-01,4.652729332447052002e-01,-7.829730957746505737e-02,-6.792570650577545166e-02,-8.910062164068222046e-02,-2.534501813352108002e-02,9.081309288740158081e-02,1.901429146528244019e-01,3.807815909385681152e-01,-2.413910031318664551e-01,8.226140141487121582e-01,3.961085081100463867e-01,1.280371099710464478e-01,7.622367888689041138e-02,-1.193481206893920898e+00,-1.277114987373352051e+00,1.411440372467041016e-01,-7.335960865020751953e-01,-6.926218867301940918e-01,1.715893000364303589e-01,-7.053804397583007812e-01
1.968634366989135742e+00,6.776504218578338623e-02,7.435934543609619141e-01,9.942798018455505371e-01,-7.073928415775299072e-02,-3.678702935576438904e-02,7.106593996286392212e-02,2.301404252648353577e-02,3.074220716953277588e-01,1.448741108179092407e-01,1.278580427169799805e+00,-1.516440212726593018e-01,-1.144870966672897339e-01,-3.041765689849853516e-01,1.253976672887802124e-01,-2.616215944290161133e-01,4.689909517765045166e-01,-1.259085983037948608e-01,-7.578969746828079224e-02,-7.794453203678131104e-02,5.901124328374862671e-03,1.032469272613525391e-01,2.099205851554870605e-01,3.708066046237945557e-01,-2.594610452651977539e-01,8.268389105796813965e-01,4.218833744525909424e-01,1.296001076698303223e-01,6.947968900203704834e-02,-1.111047744750976562e+00,-1.258399128913879395e+00,8.070454746484756470e-02,-7.581096887588500977e-01,-7.273845076560974121e-01,1.674399822950363159e-01,-6.963603496551513672e-01
1.998697757720947266e+00,7.025088369846343994e-02,7.466248869895935059e-01,9.945259094238281250e-01,-7.371381670236587524e-02,-4.001919925212860107e-02,6.231288611888885498e-02,-6.386140733957290649e-02,3.949568569660186768e-01,1.955651789903640747e-01,1.436195969581604004e+00,-1.781758964061737061e-01,-4.911804571747779846e-02,-2.443501651287078857e-01,1.478405296802520752e-01,-2.466419786214828491e-01,4.565742909908294678e-01,-1.656392365694046021e-01,-8.188265562057495117e-02,-6.330286711454391479e-02,2.441121451556682587e-02,1.176391169428825378e-01,2.211293876171112061e-01,3.637298643589019775e-01,-2.695407569408416748e-01,8.350320458412170410e-01,4.431631267070770264e-01,1.307453662157058716e-01,7.304282486438751221e-02,-9.925739169120788574e-01,-1.226212501525878906e+00,1.693319180049002171e-03,-7.667888402938842773e-01,-7.616235613822937012e-01,1.549506783485412598e-01,-6.855936050415039062e-01
2.027885198593139648e+00,7.356943190097808838e-02,7.514701485633850098e-01,9.949612021446228027e-01,-7.447224110364913940e-02,-4.360242187976837158e-02,5.103869363665580750e-02,-1.452636122703552246e-01,4.669689536094665527e-01,2.512068450450897217e-01,1.518332719802856445e+00,-2.343641221523284912e-01,2.567423507571220398e-02,-1.718719601631164551e-01,1.686655282974243164e-01,-2.197494208812713623e-01,4.180290102958679199e-01,-1.896907985210418701e-01,-8.793590217828750610e-02,-4.194919764995574951e-02,3.493032604455947876e-02,1.326049715280532837e-01,2.278126329183578491e-01,3.548503816127777100e-01,-2.636027634143829346e-01,8.439669013023376465e-01,4.481591284275054932e-01,1.305373013019561768e-01,8.361124247312545776e-02,-8.425496816635131836e-01,-1.174983620643615723e+00,-7.363747805356979370e-02,-7.518270611763000488e-01,-7.911525368690490723e-01,1.362477540969848633e-01,-6.650871038436889648e-01
2.055907964706420898e+00,7.716502994298934937e-02,7.565647363662719727e-01,9.955374598503112793e-01,-7.260349392890930176e-02,-4.781766980886459351e-02,3.670614957809448242e-02,-2.238648682832717896e-01,4.851836562156677246e-01,2.818598151206970215e-01,1.523535251617431641e+00,-2.640459835529327393e-01,5.994130671024322510e-02,-9.267766773700714111e-02,1.825814396142959595e-01,-1.820091307163238525e-01,3.638416528701782227e-01,-2.029798179864883423e-01,-8.889184892177581787e-02,-1.624326966702938080e-02,3.792470321059226990e-02,1.466676145792007446e-01,2.329366058111190796e-01,3.400782644748687744e-01,-2.464622259140014648e-01,8.525020480155944824e-01,4.333010017871856689e-01,1.284825503826141357e-01,9.702262282371520996e-02,-6.994121074676513672e-01,-1.108386158943176270e+00,-1.112419664859771729e-01,-7.009471654891967773e-01,-7.976819872856140137e-01,1.115894317626953125e-01,-6.187458038330078125e-01
2.082713842391967773e+00,8.054962754249572754e-02,7.601987719535827637e-01,9.960849881172180176e-01,-6.932188570499420166e-02,-5.083262175321578979e-02,2.061951719224452972e-02,-2.923126518726348877e-01,4.737080335617065430e-01,3.032698035240173340e-01,1.462211012840270996e+00,-2.700458467006683350e-01,5.746436864137649536e-02,-2.016589045524597168e-02,1.874089986085891724e-01,-1.415930241346359253e-01,3.131380975246429443e-01,-2.135055959224700928e-01,-8.632987737655639648e-02,8.595372550189495087e-03,3.744753077626228333e-02,1.573353707790374756e-01,2.365547269582748413e-01,3.205862641334533691e-01,-2.243901342153549194e-01,8.584247827529907227e-01,4.038071334362030029e-01,1.256076395511627197e-01,1.083397865295410156e-01,-5.909340977668762207e-01,-1.035247802734375000e+00,-1.029619500041007996e-01,-6.172456741333007812e-01,-7.664011120796203613e-01,8.613067865371704102e-02,-5.475295782089233398e-01
2.108928680419921875e+00,8.352278172969818115e-02,7.621117234230041504e-01,9.964717030525207520e-01,-6.602326035499572754e-02,-5.155281722545623779e-02,5.240120925009250641e-03,-3.473237156867980957e-01,4.576435089111328125e-01,3.265936076641082764e-01,1.348302364349365234e+00,-2.617150545120239258e-01,3.914309293031692505e-02,4.260448738932609558e-02,1.859081834554672241e-01,-1.059705838561058044e-01,2.726072371006011963e-01,-2.255104333162307739e-01,-8.079951256513595581e-02,2.892220579087734222e-02,3.641392290592193604e-02,1.648996621370315552e-01,2.352006286382675171e-01,3.011758327484130859e-01,-2.024850249290466309e-01,8.634491562843322754e-01,3.708441257476806641e-01,1.218191310763359070e-01,1.152859255671501160e-01,-5.101878643035888672e-01,-9.592859148979187012e-01,-7.092274725437164307e-02,-5.151993632316589355e-01,-7.047479748725891113e-01,6.602866947650909424e-02,-4.703938663005828857e-01
2.134984254837036133e+00,8.637320250272750854e-02,7.626272439956665039e-01,9.967336058616638184e-01,-6.330282986164093018e-02,-4.961478337645530701e-02,-7.298813201487064362e-03,-3.893753588199615479e-01,4.421156048774719238e-01,3.521865010261535645e-01,1.189791560173034668e+00,-2.454116940498352051e-01,1.361398212611675262e-02,9.803804755210876465e-02,1.805789768695831299e-01,-7.865893095731735229e-02,2.391204982995986938e-01,-2.403574585914611816e-01,-7.386896014213562012e-02,4.328452795743942261e-02,3.421581536531448364e-02,1.691716909408569336e-01,2.295986860990524292e-01,2.876382172107696533e-01,-1.839064955711364746e-01,8.715041279792785645e-01,3.417136371135711670e-01,1.170615106821060181e-01,1.210849508643150330e-01,-4.373833537101745605e-01,-8.780549764633178711e-01,-4.191867634654045105e-02,-4.070654511451721191e-01,-6.177546381950378418e-01,5.439105629920959473e-02,-4.123656153678894043e-01
2.161824226379394531e+00,8.918958902359008789e-02,7.621974945068359375e-01,9.970496296882629395e-01,-6.042877957224845886e-02,-4.446515068411827087e-02,-1.622174493968486786e-02,-4.185405373573303223e-01,4.237554967403411865e-01,3.798311054706573486e-01,9.926241040229797363e-01,-2.186559140682220459e-01,-1.538154575973749161e-02,1.439835578203201294e-01,1.715743839740753174e-01,-5.881729722023010254e-02,2.119437754154205322e-01,-2.577924430370330811e-01,-6.641918420791625977e-02,5.204659700393676758e-02,2.812295220792293549e-02,1.678055226802825928e-01,2.212914377450942993e-01,2.817373871803283691e-01,-1.697579324245452881e-01,8.849759101867675781e-01,3.199739754199981689e-01,1.115687042474746704e-01,1.253403276205062866e-01,-3.653260171413421631e-01,-7.912396788597106934e-01,-3.021559491753578186e-02,-2.965812683105468750e-01,-4.829966425895690918e-01,5.159062147140502930e-02,-3.770273029804229736e-01
2.189610242843627930e+00,9.217528253793716431e-02,7.610182762145996094e-01,9.975190758705139160e-01,-5.665891617536544800e-02,-3.569849580526351929e-02,-2.170252427458763123e-02,-4.348238408565521240e-01,3.883166909217834473e-01,4.009282588958740234e-01,7.528766393661499023e-01,-1.605397909879684448e-01,-5.115710943937301636e-02,1.774551123380661011e-01,1.588155329227447510e-01,-4.473024234175682068e-02,1.913345903158187866e-01,-2.776352763175964355e-01,-5.726658180356025696e-02,5.618089810013771057e-02,1.678080298006534576e-02,1.594747155904769897e-01,2.115346491336822510e-01,2.834378182888031006e-01,-1.607538759708404541e-01,9.046502113342285156e-01,3.081910908222198486e-01,1.074770390987396240e-01,1.264298856258392334e-01,-2.929416596889495850e-01,-6.991436481475830078e-01,-3.388945758342742920e-02,-1.858104914426803589e-01,-2.852782607078552246e-01,5.384160950779914856e-02,-3.427897095680236816e-01
2.218716859817504883e+00,9.566295146942138672e-02,7.588632702827453613e-01,9.979612231254577637e-01,-5.302564799785614014e-02,-2.491855807602405548e-02,-2.531106770038604736e-02,-4.344821572303771973e-01,3.277256190776824951e-01,4.035567939281463623e-01,4.763845205307006836e-01,-7.810533791780471802e-02,-9.591067582368850708e-02,2.006925493478775024e-01,1.446793079376220703e-01,-3.241181746125221252e-02,1.809404939413070679e-01,-3.002559542655944824e-01,-4.460472613573074341e-02,5.799746885895729065e-02,3.938504029065370560e-03,1.469360589981079102e-01,2.068398296833038330e-01,2.911418080329895020e-01,-1.594760268926620483e-01,9.241606593132019043e-01,3.109132945537567139e-01,1.075763106346130371e-01,1.241986304521560669e-01,-2.247805148363113403e-01,-6.116176843643188477e-01,-3.501143679022789001e-02,-7.763691991567611694e-02,-9.403242915868759155e-02,3.830093517899513245e-02,-3.168053030967712402e-01
2.249374628067016602e+00,9.983774274587631226e-02,7.556744813919067383e-01,9.980095624923706055e-01,-5.295124650001525879e-02,-1.513819582760334015e-02,-3.072263300418853760e-02,-4.073484838008880615e-01,2.795490622520446777e-01,4.207596480846405029e-01,2.115310579538345337e-01,-1.569336093962192535e-02,-1.446939706802368164e-01,2.179778963327407837e-01,1.364017128944396973e-01,-1.759134791791439056e-02,1.837918311357498169e-01,-3.213780224323272705e-01,-3.230259194970130920e-02,6.208609417080879211e-02,-6.890506483614444733e-04,1.358584910631179810e-01,2.038006931543350220e-01,3.009695112705230713e-01,-1.664845198392868042e-01,9.376420378684997559e-01,3.201860487461090088e-01,1.116202324628829956e-01,1.200957074761390686e-01,-1.579981297254562378e-01,-5.406525135040283203e-01,-7.570252753794193268e-03,3.540159761905670166e-02,5.016121547669172287e-03,1.314582768827676773e-02,-2.962311506271362305e-01
2.281399250030517578e+00,1.055004522204399109e-01,7.517800331115722656e-01,9.978469014167785645e-01,-5.254802480340003967e-02,-8.829200640320777893e-03,-3.823908045887947083e-02,-4.113043248653411865e-01,2.626070976257324219e-01,4.108887910842895508e-01,1.300385594367980957e-01,-3.047112561762332916e-02,-1.412773728370666504e-01,2.384435087442398071e-01,1.235793977975845337e-01,-4.779641516506671906e-03,2.086760103702545166e-01,-3.431020975112915039e-01,-2.309265732765197754e-02,6.513807177543640137e-02,-4.055748227983713150e-03,1.293793618679046631e-01,2.076012939214706421e-01,3.061381280422210693e-01,-1.787149906158447266e-01,9.531299471855163574e-01,3.307395875453948975e-01,1.108313351869583130e-01,1.159292832016944885e-01,-9.747598320245742798e-02,-4.926317036151885986e-01,4.808658361434936523e-02,1.520178765058517456e-01,2.773428522050380707e-02,4.615050740540027618e-03,-2.652167379856109619e-01
2.314629316329956055e+00,1.123667061328887939e-01,7.484185695648193359e-01,9.983519911766052246e-01,-4.009475931525230408e-02,-2.677058801054954529e-03,-4.097123816609382629e-02,-4.250661432743072510e-01,2.303313016891479492e-01,4.024084508419036865e-01,1.785499751567840576e-01,-5.100496858358383179e-02,-7.731574773788452148e-02,2.420722246170043945e-01,8.277962356805801392e-02,3.345964243635535240e-03,2.796943187713623047e-01,-3.799340724945068359e-01,-3.165601985529065132e-03,6.445267796516418457e-02,-3.263325244188308716e-02,1.239476576447486877e-01,2.095310091972351074e-01,3.114271461963653564e-01,-1.876757293939590454e-01,9.665960073471069336e-01,3.314918875694274902e-01,1.102005243301391602e-01,1.129804775118827820e-01,-4.207739606499671936e-02,-4.600323736667633057e-01,1.276460140943527222e-01,2.828626334667205811e-01,-2.486442914232611656e-03,1.318556629121303558e-02,-2.145221978425979614e-01
2.348389863967895508e+00,1.198310926556587219e-01,7.458352446556091309e-01,9.989681839942932129e-01,-1.979982107877731323e-02,2.419030293822288513e-03,-4.080120846629142761e-02,-4.483016431331634521e-01,1.910021305084228516e-01,3.972671926021575928e-01,3.026752471923828125e-01,-1.014321204274892807e-02,-6.028810050338506699e-03,2.303664386272430420e-01,2.316368557512760162e-02,6.386091466993093491e-03,3.967679440975189209e-01,-4.110793471336364746e-01,2.470397762954235077e-02,5.858304724097251892e-02,-7.682678103446960449e-02,1.163823828101158142e-01,2.101036012172698975e-01,3.168921172618865967e-01,-1.946336030960083008e-01,9.849905371665954590e-01,3.150924146175384521e-01,1.090308800339698792e-01,1.105056926608085632e-01,1.079669687896966934e-02,-4.347327053546905518e-01,2.144961655139923096e-01,4.266598820686340332e-01,-6.283996999263763428e-02,3.272401914000511169e-02,-1.535555571317672729e-01
2.382903575897216797e+00,1.271661072969436646e-01,7.459001541137695312e-01,9.992403388023376465e-01,-4.282612353563308716e-03,1.179161132313311100e-03,-3.871705010533332825e-02,-4.455819129943847656e-01,1.648557633161544800e-01,4.029933512210845947e-01,4.118904173374176025e-01,-3.194683417677879333e-02,2.858779951930046082e-02,2.010435611009597778e-01,-2.538171038031578064e-02,3.242865670472383499e-03,5.710884332656860352e-01,-3.971955478191375732e-01,4.118867591023445129e-02,5.287443846464157104e-02,-1.106018573045730591e-01,1.185758262872695923e-01,2.017524987459182739e-01,3.231008052825927734e-01,-2.136799246072769165e-01,1.013373136520385742e+00,3.043415844440460205e-01,1.041644737124443054e-01,1.005204916000366211e-01,5.384847149252891541e-02,-4.078169167041778564e-01,2.897185385227203369e-01,5.819870829582214355e-01,-1.153794452548027039e-01,5.533279851078987122e-02,-1.002576276659965515e-01
2.416655778884887695e+00,1.338150203227996826e-01,7.475582361221313477e-01,9.992948174476623535e-01,8.669300004839897156e-03,-3.131309757009148598e-03,-3.640046715736389160e-02,-4.162595272064208984e-01,1.338751167058944702e-01,4.103842973709106445e-01,4.784350991249084473e-01,-9.224580228328704834e-02,5.107042938470840454e-02,1.477247476577758789e-01,-7.320050150156021118e-02,-2.984508406370878220e-03,7.913095951080322266e-01,-3.273015320301055908e-01,4.596492275595664978e-02,4.581604525446891785e-02,-1.341531723737716675e-01,1.247468516230583191e-01,1.796337962150573730e-01,3.285778760910034180e-01,-2.415939420461654663e-01,1.051313042640686035e+00,2.921357750892639160e-01,1.044868826866149902e-01,9.081902354955673218e-02,9.892855584621429443e-02,-3.800570964813232422e-01,3.536605536937713623e-01,7.406845688819885254e-01,-1.601647734642028809e-01,8.917430043220520020e-02,-6.170070916414260864e-02
2.448999643325805664e+00,1.405095905065536499e-01,7.504577636718750000e-01,9.991518855094909668e-01,1.918260753154754639e-02,-8.211809210479259491e-03,-3.549726679921150208e-02,-3.628263473510742188e-01,1.003495156764984131e-01,4.204099178314208984e-01,4.988968968391418457e-01,-1.465641558170318604e-01,5.863215029239654541e-02,6.538271158933639526e-02,-1.171735748648643494e-01,-3.686073468998074532e-04,1.033485054969787598e+00,-2.115046977996826172e-01,4.837771505117416382e-02,3.453518450260162354e-02,-1.483465284109115601e-01,1.304607689380645752e-01,1.526270061731338501e-01,3.334115445613861084e-01,-2.711353302001953125e-01,1.085241198539733887e+00,2.922837436199188232e-01,1.114615127444267273e-01,7.355162501335144043e-02,1.434468924999237061e-01,-3.531990647315979004e-01,4.050506353378295898e-01,8.828948736190795898e-01,-1.997850984334945679e-01,1.257929056882858276e-01,-2.442152611911296844e-02
2.480052471160888672e+00,1.470532566308975220e-01,7.539898753166198730e-01,9.989448189735412598e-01,2.835564874112606049e-02,-1.196845062077045441e-02,-3.408898413181304932e-02,-2.996981739997863770e-01,6.203404068946838379e-02,4.282044768333435059e-01,4.843650758266448975e-01,-1.890094429254531860e-01,5.716175585985183716e-02,-2.948253788053989410e-02,-1.686789244413375854e-01,-6.116840522736310959e-03,1.242503166198730469e+00,-1.435141861438751221e-01,4.475985839962959290e-02,1.568652130663394928e-02,-1.578319668769836426e-01,1.317746937274932861e-01,1.305015683174133301e-01,3.420669734477996826e-01,-3.039490282535552979e-01,1.104480266571044922e+00,2.998195290565490723e-01,1.170503273606300354e-01,4.907757416367530823e-02,1.940588653087615967e-01,-3.306622505187988281e-01,4.407817423343658447e-01,9.763717651367187500e-01,-2.225652039051055908e-01,1.478400081396102905e-01,5.415976513177156448e-03
2.510029077529907227e+00,1.529397070407867432e-01,7.588058114051818848e-01,9.987974762916564941e-01,3.466001898050308228e-02,-1.451430935412645340e-02,-3.148949891328811646e-02,-2.281612604856491089e-01,2.337187528610229492e-02,4.319440424442291260e-01,4.370549023151397705e-01,-2.120270878076553345e-01,5.325022712349891663e-02,-1.200402751564979553e-01,-2.185055762529373169e-01,-1.911518909037113190e-02,1.382483363151550293e+00,-1.700604408979415894e-01,2.462426759302616119e-02,-9.123589843511581421e-03,-1.621930599212646484e-01,1.286728829145431519e-01,1.134730651974678040e-01,3.551710844039916992e-01,-3.292696177959442139e-01,1.105333447456359863e+00,3.046196401119232178e-01,1.154861822724342346e-01,2.716807648539543152e-02,2.546975016593933105e-01,-3.155063092708587646e-01,4.644087553024291992e-01,1.012075424194335938e+00,-2.312149554491043091e-01,1.472642272710800171e-01,2.387681230902671814e-02
2.539994716644287109e+00,1.573939621448516846e-01,7.644054293632507324e-01,9.988489151000976562e-01,3.480620309710502625e-02,-1.688277162611484528e-02,-2.836070954799652100e-02,-1.500972956418991089e-01,-2.306278329342603683e-03,4.283040761947631836e-01,3.756924867630004883e-01,-2.253894656896591187e-01,4.726770520210266113e-02,-2.034920752048492432e-01,-2.476233690977096558e-01,-3.883488476276397705e-02,1.446649312973022461e+00,-2.108921706676483154e-01,-2.375376643612980843e-03,-3.618467226624488831e-02,-1.566445827484130859e-01,1.236049905419349670e-01,9.985295683145523071e-02,3.694579303264617920e-01,-3.396340012550354004e-01,1.097067594528198242e+00,3.002806603908538818e-01,1.116071343421936035e-01,1.770710572600364685e-02,3.192955851554870605e-01,-3.048550188541412354e-01,4.805158376693725586e-01,1.015569806098937988e+00,-2.301699519157409668e-01,1.350733339786529541e-01,3.788912296295166016e-02
2.570211887359619141e+00,1.602550148963928223e-01,7.693314552307128906e-01,9.990488886833190918e-01,3.068895079195499420e-02,-1.843761838972568512e-02,-2.489109896123409271e-02,-7.146490365266799927e-02,-1.633483357727527618e-02,4.197122752666473389e-01,3.098348975181579590e-01,-2.329286932945251465e-01,3.834123909473419189e-02,-2.778472304344177246e-01,-2.561522722244262695e-01,-6.735769659280776978e-02,1.441833019256591797e+00,-2.459301352500915527e-01,-2.276641502976417542e-02,-6.386469304561614990e-02,-1.454511135816574097e-01,1.179027855396270752e-01,8.707785606384277344e-02,3.830862343311309814e-01,-3.397351205348968506e-01,1.084017395973205566e+00,2.870255410671234131e-01,1.101355403661727905e-01,1.935740746557712555e-02,3.794111609458923340e-01,-2.958775162696838379e-01,4.922364950180053711e-01,1.006686925888061523e+00,-2.277536988258361816e-01,1.236520484089851379e-01,5.486388504505157471e-02
2.600038290023803711e+00,1.623505800962448120e-01,7.727813720703125000e-01,9.993205666542053223e-01,2.421536296606063843e-02,-1.832653954625129700e-02,-2.088530361652374268e-02,2.800943562760949135e-03,-2.229972556233406067e-02,4.085792601108551025e-01,2.453440427780151367e-01,-2.378472387790679932e-01,2.572133019566535950e-02,-3.477119505405426025e-01,-2.385777086019515991e-01,-9.392590820789337158e-02,1.377908825874328613e+00,-2.660387158393859863e-01,-2.737314440310001373e-02,-9.102424979209899902e-02,-1.315412968397140503e-01,1.122382879257202148e-01,7.285086810588836670e-02,3.972786068916320801e-01,-3.348874747753143311e-01,1.064457297325134277e+00,2.675898969173431396e-01,1.091229990124702454e-01,2.539623901247978210e-02,4.331864416599273682e-01,-2.859901487827301025e-01,4.999760985374450684e-01,9.941868185997009277e-01,-2.275245636701583862e-01,1.159593388438224792e-01,7.787669450044631958e-02
2.629203557968139648e+00,1.643158793449401855e-01,7.741509675979614258e-01,9.995785355567932129e-01,1.756463758647441864e-02,-1.631117425858974457e-02,-1.637749373912811279e-02,6.672231853008270264e-02,-2.387196384370326996e-02,3.976914286613464355e-01,1.903913617134094238e-01,-2.448095381259918213e-01,1.139711774885654449e-02,-4.104204773902893066e-01,-2.021880149841308594e-01,-1.120025068521499634e-01,1.263624668121337891e+00,-2.659201323986053467e-01,-1.731327176094055176e-02,-1.152729690074920654e-01,-1.182155683636665344e-01,1.076750606298446655e-01,5.624465271830558777e-02,4.132635295391082764e-01,-3.278339505195617676e-01,1.038025021553039551e+00,2.436782717704772949e-01,1.051590368151664734e-01,3.457229584455490112e-02,4.777246415615081787e-01,-2.734504938125610352e-01,5.056688785552978516e-01,9.863316416740417480e-01,-2.267025858163833618e-01,1.114722490310668945e-01,1.015117168426513672e-01
2.657871484756469727e+00,1.662184000015258789e-01,7.731900215148925781e-01,9.997789263725280762e-01,1.217396277934312820e-02,-1.287193503230810165e-02,-1.132475957274436951e-02,1.174914911389350891e-01,-2.252042107284069061e-02,3.888610899448394775e-01,1.544219106435775757e-01,-2.612907290458679199e-01,-2.511181635782122612e-03,-4.588333368301391602e-01,-1.673051714897155762e-01,-1.297390908002853394e-01,1.102077722549438477e+00,-2.483125478029251099e-01,-1.092763501219451427e-03,-1.360943168401718140e-01,-1.077418476343154907e-01,1.052023768424987793e-01,3.666664287447929382e-02,4.301047623157501221e-01,-3.189133405685424805e-01,1.008804082870483398e+00,2.196141332387924194e-01,9.872532635927200317e-02,4.695876315236091614e-02,5.102239251136779785e-01,-2.579577565193176270e-01,5.113874077796936035e-01,9.896189570426940918e-01,-2.239216715097427368e-01,1.113408207893371582e-01,1.187600418925285339e-01
2.686553716659545898e+00,1.678296625614166260e-01,7.703275084495544434e-01,9.999156594276428223e-01,8.349323645234107971e-03,-8.234972134232521057e-03,-5.577431991696357727e-03,1.578710079193115234e-01,-2.010313048958778381e-02,3.810280859470367432e-01,1.343824118375778198e-01,-2.858801484107971191e-01,-1.682640798389911652e-02,-4.847090542316436768e-01,-1.446949690580368042e-01,-1.599350720643997192e-01,8.913569450378417969e-01,-2.099196314811706543e-01,1.733392663300037384e-02,-1.542050540447235107e-01,-1.000983566045761108e-01,1.038041040301322937e-01,1.403755601495504379e-02,4.443136751651763916e-01,-3.091534674167633057e-01,9.820115566253662109e-01,2.037532478570938110e-01,9.247278422117233276e-02,6.049671024084091187e-02,5.295585393905639648e-01,-2.412065118551254272e-01,5.187292695045471191e-01,1.004914045333862305e+00,-2.217758148908615112e-01,1.157158985733985901e-01,1.284549683332443237e-01
2.715832710266113281e+00,1.690675914287567139e-01,7.662172317504882812e-01,9.999814033508300781e-01,5.309039726853370667e-03,-2.860878827050328255e-03,8.852000464685261250e-04,1.935838758945465088e-01,-1.724167913198471069e-02,3.702647387981414795e-01,1.235790178179740906e-01,-3.126069605350494385e-01,-3.323567286133766174e-02,-4.808509349822998047e-01,-1.210764050483703613e-01,-1.950051337480545044e-01,6.276479363441467285e-01,-1.446309983730316162e-01,4.062155261635780334e-02,-1.700852662324905396e-01,-9.309711307287216187e-02,1.021114140748977661e-01,-8.879997767508029938e-03,4.533118903636932373e-01,-3.019784688949584961e-01,9.622712731361389160e-01,1.989107280969619751e-01,8.565332740545272827e-02,7.180327177047729492e-02,5.372632741928100586e-01,-2.245874106884002686e-01,5.268237590789794922e-01,1.026240944862365723e+00,-2.222726047039031982e-01,1.212672293186187744e-01,1.349539011716842651e-01
2.746349573135375977e+00,1.697818338871002197e-01,7.612044811248779297e-01,9.999456405639648438e-01,3.804592648521065712e-03,2.398264594376087189e-03,9.411304257810115814e-03,2.292708158493041992e-01,-1.548476610332727432e-02,3.526564240455627441e-01,1.210056617856025696e-01,-3.404754102230072021e-01,-5.301826074719429016e-02,-4.471834003925323486e-01,-8.560363948345184326e-02,-2.119690775871276855e-01,3.222950100898742676e-01,-6.632705777883529663e-02,8.131210505962371826e-02,-1.847931295633316040e-01,-8.784515410661697388e-02,1.006540730595588684e-01,-2.842532843351364136e-02,4.592059254646301270e-01,-3.050195872783660889e-01,9.495719671249389648e-01,2.013258486986160278e-01,8.372191339731216431e-02,7.457496225833892822e-02,5.352670550346374512e-01,-2.093956917524337769e-01,5.335941910743713379e-01,1.046045899391174316e+00,-2.233207821846008301e-01,1.270169019699096680e-01,1.452808082103729248e-01
2.778647661209106445e+00,1.700473129749298096e-01,7.550442218780517578e-01,9.997087121009826660e-01,7.273561321198940277e-03,5.476736463606357574e-03,2.235033176839351654e-02,2.650886476039886475e-01,-1.922965049743652344e-02,3.305149078369140625e-01,1.267498284578323364e-01,-3.639955520629882812e-01,-7.745005935430526733e-02,-4.309393763542175293e-01,-6.669799983501434326e-02,-2.060684412717819214e-01,1.185100972652435303e-01,-2.538787201046943665e-02,1.157582104206085205e-01,-2.033599317073822021e-01,-9.052503854036331177e-02,1.027005314826965332e-01,-4.348051548004150391e-02,4.612307250499725342e-01,-3.177164196968078613e-01,9.390352964401245117e-01,2.170295566320419312e-01,8.863244205713272095e-02,6.949841976165771484e-02,5.250682234764099121e-01,-1.950558125972747803e-01,5.373762845993041992e-01,1.059756159782409668e+00,-2.226559668779373169e-01,1.316012144088745117e-01,1.661770790815353394e-01
2.811672687530517578e+00,1.700305938720703125e-01,7.489563822746276855e-01,9.993650913238525391e-01,1.065580081194639206e-02,6.558227818459272385e-03,3.336064517498016357e-02,3.041588664054870605e-01,-1.773267425596714020e-02,3.111489117145538330e-01,1.404006779193878174e-01,-3.825488090515136719e-01,-1.003319397568702698e-01,-4.489929378032684326e-01,-6.293392181396484375e-02,-2.032980620861053467e-01,1.088133081793785095e-01,-4.806838557124137878e-02,1.352166980504989624e-01,-2.183292061090469360e-01,-9.126560389995574951e-02,1.069101393222808838e-01,-4.862050339579582214e-02,4.599631130695343018e-01,-3.346182107925415039e-01,9.283108711242675781e-01,2.479272484779357910e-01,9.503413736820220947e-02,5.644140392541885376e-02,5.118755698204040527e-01,-1.886653751134872437e-01,5.423333644866943359e-01,1.067236185073852539e+00,-2.267243564128875732e-01,1.321031153202056885e-01,1.876415312290191650e-01
2.845486640930175781e+00,1.692628413438796997e-01,7.449898123741149902e-01,9.993289709091186523e-01,3.026131307706236839e-03,8.774270303547382355e-03,3.543153405189514160e-02,3.156215250492095947e-01,1.634483411908149719e-02,3.059742748737335205e-01,2.194676995277404785e-01,-4.100628495216369629e-01,-1.214025318622589111e-01,-4.359310865402221680e-01,-3.254245594143867493e-02,-2.291399091482162476e-01,1.220399364829063416e-01,-1.624236069619655609e-02,1.187733784317970276e-01,-2.161480635404586792e-01,-6.642238795757293701e-02,1.079184561967849731e-01,-4.151621088385581970e-02,4.569928646087646484e-01,-3.584815859794616699e-01,9.125728607177734375e-01,2.782356739044189453e-01,1.061529889702796936e-01,4.001715406775474548e-02,4.904212951660156250e-01,-1.888208538293838501e-01,5.458504557609558105e-01,1.068871736526489258e+00,-2.342981398105621338e-01,1.317096352577209473e-01,1.977108269929885864e-01
2.879897832870483398e+00,1.674432456493377686e-01,7.441968917846679688e-01,9.992204308509826660e-01,-1.803144626319408417e-02,1.204228214919567108e-02,3.299015760421752930e-02,2.801497280597686768e-01,9.315544366836547852e-02,2.954963445663452148e-01,4.061518609523773193e-01,-4.309896826744079590e-01,-1.351323872804641724e-01,-4.581332504749298096e-01,1.506941579282283783e-02,-2.404497265815734863e-01,2.307221293449401855e-01,3.134314715862274170e-02,3.106934018433094025e-02,-2.045545727014541626e-01,-1.208115369081497192e-02,1.064065918326377869e-01,-1.919434592127799988e-02,4.453064501285552979e-01,-3.643829524517059326e-01,8.964364528656005859e-01,2.956907749176025391e-01,1.075107753276824951e-01,2.781159058213233948e-02,4.573706984519958496e-01,-1.917476654052734375e-01,5.445120930671691895e-01,1.074243187904357910e+00,-2.495485991239547729e-01,1.318507790565490723e-01,1.984976977109909058e-01
2.915728807449340820e+00,1.655999273061752319e-01,7.446431517601013184e-01,9.988690614700317383e-01,-3.589077666401863098e-02,8.091443218290805817e-03,3.011686354875564575e-02,2.316174656152725220e-01,1.739277690649032593e-01,2.802230417728424072e-01,6.484556794166564941e-01,-3.825151920318603516e-01,-1.365831494331359863e-01,-4.584288001060485840e-01,5.158742144703865051e-02,-2.419207841157913208e-01,3.463162183761596680e-01,1.722299307584762573e-02,-2.892516925930976868e-02,-1.897803843021392822e-01,3.307545930147171021e-02,1.089958772063255310e-01,1.398528832942247391e-02,4.290500879287719727e-01,-3.575129210948944092e-01,8.894021511077880859e-01,2.997272908687591553e-01,1.087187901139259338e-01,3.090365044772624969e-02,4.159278273582458496e-01,-1.983362138271331787e-01,5.401368141174316406e-01,1.087791085243225098e+00,-2.563184499740600586e-01,1.282829344272613525e-01,1.863152384757995605e-01
2.952734947204589844e+00,1.634488850831985474e-01,7.468332052230834961e-01,9.984149932861328125e-01,-5.073327198624610901e-02,2.007463626796379685e-04,2.436480112373828888e-02,1.572050750255584717e-01,2.499885708093643188e-01,2.474379837512969971e-01,9.248012900352478027e-01,-2.585747838020324707e-01,-1.244204789400100708e-01,-4.166543483734130859e-01,9.399778395891189575e-02,-2.448412328958511353e-01,3.961337208747863770e-01,-3.828560933470726013e-02,-6.300756335258483887e-02,-1.676616221666336060e-01,6.693566590547561646e-02,1.176925599575042725e-01,4.984923452138900757e-02,4.082640111446380615e-01,-3.490102589130401611e-01,8.960047960281372070e-01,3.013797104358673096e-01,1.113676130771636963e-01,3.167285770177841187e-02,3.613299429416656494e-01,-2.066393941640853882e-01,5.371499657630920410e-01,1.104978680610656738e+00,-2.645146548748016357e-01,1.298111826181411743e-01,1.629232466220855713e-01
2.987830162048339844e+00,1.616580486297607422e-01,7.501241564750671387e-01,9.977207779884338379e-01,-6.401211023330688477e-02,-8.602221496403217316e-03,1.953486725687980652e-02,6.331243366003036499e-02,3.258469402790069580e-01,2.090239226818084717e-01,1.180021643638610840e+00,-1.174717694520950317e-01,-1.137383282184600830e-01,-3.412235975265502930e-01,1.413528025150299072e-01,-2.438269406557083130e-01,3.781434297561645508e-01,-7.931052893400192261e-02,-7.795032858848571777e-02,-1.445603966712951660e-01,9.367179870605468750e-02,1.330277174711227417e-01,7.916926592588424683e-02,3.885079920291900635e-01,-3.470157384872436523e-01,9.111483693122863770e-01,3.002201914787292480e-01,1.133309751749038696e-01,2.475956082344055176e-02,2.950367033481597900e-01,-2.202344536781311035e-01,5.344988703727722168e-01,1.110336899757385254e+00,-2.617228627204895020e-01,1.309312731027603149e-01,1.312855482101440430e-01
3.019363403320312500e+00,1.607835441827774048e-01,7.538740634918212891e-01,9.973159432411193848e-01,-7.006555050611495972e-02,-1.640631817281246185e-02,1.351509895175695419e-02,-1.909307017922401428e-02,4.048075377941131592e-01,2.190669625997543335e-01,1.360628366470336914e+00,-1.107429116964340210e-01,-7.027170062065124512e-02,-2.625428438186645508e-01,1.720584630966186523e-01,-2.321222573518753052e-01,3.517989814281463623e-01,-1.101369783282279968e-01,-8.729100972414016724e-02,-1.191449761390686035e-01,1.040251627564430237e-01,1.483146995306015015e-01,1.012117490172386169e-01,3.713901937007904053e-01,-3.467648327350616455e-01,9.322307705879211426e-01,2.977520525455474854e-01,1.131705567240715027e-01,2.271018922328948975e-02,2.168648838996887207e-01,-2.419267147779464722e-01,5.352352261543273926e-01,1.101620316505432129e+00,-2.502834200859069824e-01,1.279104501008987427e-01,8.726654946804046631e-02
3.048929929733276367e+00,1.606086790561676025e-01,7.586337327957153320e-01,9.973638653755187988e-01,-6.827532500028610229e-02,-2.404112182557582855e-02,5.091799423098564148e-03,-8.647628128528594971e-02,4.695056378841400146e-01,2.636801004409790039e-01,1.468647718429565430e+00,-1.816103309392929077e-01,-8.852398023009300232e-03,-1.846645176410675049e-01,1.833771765232086182e-01,-2.068958878517150879e-01,3.296641111373901367e-01,-1.392733901739120483e-01,-9.220781922340393066e-02,-9.193298965692520142e-02,9.879866242408752441e-02,1.625145226716995239e-01,1.185732707381248474e-01,3.550322055816650391e-01,-3.497364521026611328e-01,9.587323665618896484e-01,2.935452759265899658e-01,1.122768074274063110e-01,2.215558849275112152e-02,1.355251669883728027e-01,-2.680257558822631836e-01,5.274243950843811035e-01,1.078652501106262207e+00,-2.335320711135864258e-01,1.260397136211395264e-01,4.121733456850051880e-02
3.077670812606811523e+00,1.605757623910903931e-01,7.633943557739257812e-01,9.975195527076721191e-01,-6.297574937343597412e-02,-3.113542124629020691e-02,-4.392667673528194427e-03,-1.504202634096145630e-01,5.045855045318603516e-01,3.119679689407348633e-01,1.512897729873657227e+00,-2.469203174114227295e-01,4.233484715223312378e-02,-1.080419570207595825e-01,1.848913133144378662e-01,-1.735440641641616821e-01,3.039469420909881592e-01,-1.633299589157104492e-01,-9.214637428522109985e-02,-6.492657214403152466e-02,8.784474432468414307e-02,1.758434176445007324e-01,1.313892006874084473e-01,3.397606909275054932e-01,-3.621385395526885986e-01,9.859231114387512207e-01,2.937997579574584961e-01,1.120783239603042603e-01,1.475651096552610397e-02,5.659576505422592163e-02,-2.943848669528961182e-01,5.070813298225402832e-01,1.044053912162780762e+00,-2.095059901475906372e-01,1.245657056570053101e-01,4.943749867379665375e-03
3.106035470962524414e+00,1.606379598379135132e-01,7.669478058815002441e-01,9.976140260696411133e-01,-5.710641294717788696e-02,-3.616530075669288635e-02,-1.404354721307754517e-02,-2.159038931131362915e-01,5.080349445343017578e-01,3.526356518268585205e-01,1.493614435195922852e+00,-2.893169820308685303e-01,6.660622358322143555e-02,-3.920903429388999939e-02,1.814985126256942749e-01,-1.390924304723739624e-01,2.767039537429809570e-01,-1.835339516401290894e-01,-8.921498060226440430e-02,-3.966770321130752563e-02,7.747787982225418091e-02,1.864008009433746338e-01,1.419944018125534058e-01,3.268684446811676025e-01,-3.831622600555419922e-01,1.006897449493408203e+00,3.051435351371765137e-01,1.125135421752929688e-01,8.917353698052465916e-04,-1.730841398239135742e-02,-3.210803568363189697e-01,4.809054136276245117e-01,1.000722289085388184e+00,-1.863243430852890015e-01,1.220899447798728943e-01,-1.799268648028373718e-02
3.133889198303222656e+00,1.610601693391799927e-01,7.686376571655273438e-01,9.976321458816528320e-01,-5.231628939509391785e-02,-3.812811896204948425e-02,-2.322214283049106598e-02,-2.804185152053833008e-01,4.938167631626129150e-01,3.911167979240417480e-01,1.413386344909667969e+00,-3.019511103630065918e-01,6.713500618934631348e-02,1.977815106511116028e-02,1.761313974857330322e-01,-1.096131876111030579e-01,2.511087357997894287e-01,-2.035942524671554565e-01,-8.547405153512954712e-02,-1.684117130935192108e-02,7.078205049037933350e-02,1.934216469526290894e-01,1.512877792119979858e-01,3.154774606227874756e-01,-4.039286971092224121e-01,1.018704175949096680e+00,3.237078785896301270e-01,1.126832067966461182e-01,-1.157651841640472412e-02,-8.710712194442749023e-02,-3.501977026462554932e-01,4.575411081314086914e-01,9.504260420799255371e-01,-1.671352088451385498e-01,1.179953739047050476e-01,-3.145421668887138367e-02
3.161453008651733398e+00,1.619629412889480591e-01,7.685240507125854492e-01,9.975730776786804199e-01,-4.970492795109748840e-02,-3.709357231855392456e-02,-3.164813295006752014e-02,-3.379285037517547607e-01,4.688811600208282471e-01,4.272983968257904053e-01,1.278268337249755859e+00,-2.904644608497619629e-01,4.912606254220008850e-02,7.152097672224044800e-02,1.714625507593154907e-01,-8.732171356678009033e-02,2.270540446043014526e-01,-2.244272679090499878e-01,-8.145290613174438477e-02,3.407457610592246056e-03,6.909278035163879395e-02,1.971628665924072266e-01,1.588705927133560181e-01,3.040642440319061279e-01,-4.157271683216094971e-01,1.023894667625427246e+00,3.405625820159912109e-01,1.122786998748779297e-01,-1.325299963355064392e-02,-1.522753536701202393e-01,-3.827660977840423584e-01,4.413104653358459473e-01,8.957346081733703613e-01,-1.524604856967926025e-01,1.138862669467926025e-01,-4.138775542378425598e-02
3.189220666885375977e+00,1.633894741535186768e-01,7.670096158981323242e-01,9.974569082260131836e-01,-4.925115779042243958e-02,-3.330124542117118835e-02,-3.930804878473281860e-02,-3.865477442741394043e-01,4.295713901519775391e-01,4.500364959239959717e-01,1.089862942695617676e+00,-2.606994807720184326e-01,1.305554527789354324e-02,1.182998567819595337e-01,1.686162650585174561e-01,-7.005050033330917358e-02,2.040868997573852539e-01,-2.451657652854919434e-01,-7.715682685375213623e-02,2.138956077396869659e-02,7.115858048200607300e-02,1.968119144439697266e-01,1.647357940673828125e-01,2.915513217449188232e-01,-4.163900911808013916e-01,1.027186870574951172e+00,3.507214188575744629e-01,1.118123307824134827e-01,-9.745066054165363312e-04,-2.126365303993225098e-01,-4.183707535266876221e-01,4.322883784770965576e-01,8.389900326728820801e-01,-1.451872140169143677e-01,1.129164919257164001e-01,-5.174493417143821716e-02
3.217317581176757812e+00,1.653642803430557251e-01,7.644584178924560547e-01,9.973375797271728516e-01,-4.970433190464973450e-02,-2.660953067243099213e-02,-4.625062271952629089e-02,-4.203374683856964111e-01,3.776080906391143799e-01,4.569245576858520508e-01,8.499464392662048340e-01,-2.026675343513488770e-01,-3.042521327733993530e-02,1.566006839275360107e-01,1.660027652978897095e-01,-5.343830585479736328e-02,1.859750747680664062e-01,-2.673804163932800293e-01,-7.233246415853500366e-02,3.676383197307586670e-02,7.382904738187789917e-02,1.901748627424240112e-01,1.681918054819107056e-01,2.780557572841644287e-01,-4.094911217689514160e-01,1.033015847206115723e+00,3.535696864128112793e-01,1.110760346055030823e-01,2.206313982605934143e-02,-2.660801112651824951e-01,-4.541881382465362549e-01,4.309060275554656982e-01,7.820440530776977539e-01,-1.485852450132369995e-01,1.145390272140502930e-01,-6.328784674406051636e-02
3.246300220489501953e+00,1.678851097822189331e-01,7.610383033752441406e-01,9.971652626991271973e-01,-5.027803406119346619e-02,-1.812114194035530090e-02,-5.296436697244644165e-02,-4.333015084266662598e-01,3.168730139732360840e-01,4.578575491905212402e-01,5.738267898559570312e-01,-1.125639602541923523e-01,-6.673355400562286377e-02,1.841931492090225220e-01,1.625908166170120239e-01,-3.254842385649681091e-02,1.775601953268051147e-01,-2.917208373546600342e-01,-6.782088428735733032e-02,5.000191926956176758e-02,7.592017948627471924e-02,1.782009154558181763e-01,1.704926937818527222e-01,2.645404338836669922e-01,-3.981834053993225098e-01,1.041172027587890625e+00,3.506920039653778076e-01,1.107088699936866760e-01,4.642863199114799500e-02,-3.103478848934173584e-01,-4.856807589530944824e-01,4.360591173171997070e-01,7.251223921775817871e-01,-1.622002273797988892e-01,1.175163388252258301e-01,-7.089742273092269897e-02
3.276988029479980469e+00,1.706814616918563843e-01,7.567614912986755371e-01,9.967764616012573242e-01,-5.159982293844223022e-02,-1.067944802343845367e-02,-6.049875915050506592e-02,-4.230871200561523438e-01,2.632630169391632080e-01,4.663708806037902832e-01,3.181937634944915771e-01,-4.161418229341506958e-02,-9.424403309822082520e-02,2.079533934593200684e-01,1.591190695762634277e-01,-8.373449556529521942e-03,1.803904026746749878e-01,-3.164546489715576172e-01,-6.198115274310112000e-02,6.293012201786041260e-02,7.910231500864028931e-02,1.655288189649581909e-01,1.720089316368103027e-01,2.521688044071197510e-01,-3.880613744258880615e-01,1.050506114959716797e+00,3.455882966518402100e-01,1.123945116996765137e-01,6.517472118139266968e-02,-3.403279483318328857e-01,-5.104747414588928223e-01,4.455224275588989258e-01,6.724299192428588867e-01,-1.822126954793930054e-01,1.195415407419204712e-01,-6.972225010395050049e-02
3.309328794479370117e+00,1.733323633670806885e-01,7.520337700843811035e-01,9.960958361625671387e-01,-5.306194350123405457e-02,-6.358866579830646515e-03,-7.026464492082595825e-02,-4.120424985885620117e-01,2.381533682346343994e-01,4.791084825992584229e-01,1.838469356298446655e-01,-4.299302026629447937e-02,-1.008910685777664185e-01,2.335263043642044067e-01,1.534558981657028198e-01,1.459690462797880173e-02,1.989145427942276001e-01,-3.400976359844207764e-01,-5.676590278744697571e-02,7.518713176250457764e-02,8.161472529172897339e-02,1.575732529163360596e-01,1.727385520935058594e-01,2.423155903816223145e-01,-3.856020867824554443e-01,1.062794804573059082e+00,3.354546725749969482e-01,1.121642738580703735e-01,7.287723571062088013e-02,-3.547124266624450684e-01,-5.277484059333801270e-01,4.579175114631652832e-01,6.272162795066833496e-01,-1.946285814046859741e-01,1.272565424442291260e-01,-6.363963335752487183e-02
3.340533733367919922e+00,1.755021661520004272e-01,7.483721971511840820e-01,9.962617158889770508e-01,-4.394117742776870728e-02,-3.198530292138457298e-03,-7.430662959814071655e-02,-4.190771877765655518e-01,2.210102528333663940e-01,5.022042989730834961e-01,2.306662797927856445e-01,-7.965584099292755127e-02,-4.187720268964767456e-02,2.447852194309234619e-01,1.225395128130912781e-01,2.795197069644927979e-02,2.680027484893798828e-01,-3.777220249176025391e-01,-4.499485343694686890e-02,7.833006978034973145e-02,5.989166721701622009e-02,1.505496054887771606e-01,1.727948188781738281e-01,2.374010533094406128e-01,-3.827784955501556396e-01,1.077991127967834473e+00,3.294591605663299561e-01,1.102105379104614258e-01,7.233420759439468384e-02,-3.450549840927124023e-01,-5.343547463417053223e-01,4.666320085525512695e-01,5.858280658721923828e-01,-1.946225911378860474e-01,1.267338246107101440e-01,-5.553217604756355286e-02
3.371993780136108398e+00,1.774403303861618042e-01,7.458062767982482910e-01,9.969490766525268555e-01,-2.690724469721317291e-02,-1.235578209161758423e-03,-7.325986772775650024e-02,-4.292686581611633301e-01,1.943376660346984863e-01,5.069381594657897949e-01,3.483036756515502930e-01,-7.562661916017532349e-02,3.666298836469650269e-02,2.437787204980850220e-01,7.517188787460327148e-02,3.336216881871223450e-02,3.743469417095184326e-01,-4.094538092613220215e-01,-2.020966820418834686e-02,7.362089306116104126e-02,1.905063912272453308e-02,1.416260749101638794e-01,1.734088659286499023e-01,2.411140650510787964e-01,-3.786309957504272461e-01,1.091637015342712402e+00,3.194963335990905762e-01,1.096959039568901062e-01,6.899489462375640869e-02,-3.050958812236785889e-01,-5.307092070579528809e-01,4.654253125190734863e-01,5.513683557510375977e-01,-1.905648708343505859e-01,1.298892199993133545e-01,-5.065674334764480591e-02
3.405885696411132812e+00,1.797985732555389404e-01,7.453495860099792480e-01,9.975719451904296875e-01,-1.130418758839368820e-02,-3.558663418516516685e-03,-6.862846761941909790e-02,-4.224265813827514648e-01,1.687720268964767456e-01,5.052660107612609863e-01,4.494535624980926514e-01,-1.022931039333343506e-01,7.906684279441833496e-02,2.306662350893020630e-01,3.226627036929130554e-02,2.842910587787628174e-02,5.176891684532165527e-01,-4.030855894088745117e-01,5.410036072134971619e-03,6.679292023181915283e-02,-2.063630707561969757e-02,1.380628049373626709e-01,1.680428683757781982e-01,2.512977719306945801e-01,-3.804141581058502197e-01,1.103735089302062988e+00,3.132101893424987793e-01,1.060864701867103577e-01,6.221213564276695251e-02,-2.457201927900314331e-01,-5.160940289497375488e-01,4.537650942802429199e-01,5.349006056785583496e-01,-1.773526817560195923e-01,1.243077367544174194e-01,-4.286636784672737122e-02
3.441348314285278320e+00,1.824050992727279663e-01,7.463175058364868164e-01,9.981489181518554688e-01,4.058872815221548080e-03,-8.439831435680389404e-03,-6.009153276681900024e-02,-3.898101150989532471e-01,1.276706606149673462e-01,5.002183318138122559e-01,5.068445205688476562e-01,-1.563298404216766357e-01,9.873389452695846558e-02,1.934854686260223389e-01,-1.218352839350700378e-02,2.106934785842895508e-02,7.124872803688049316e-01,-3.430930078029632568e-01,2.944711409509181976e-02,5.569549649953842163e-02,-5.778118595480918884e-02,1.363663971424102783e-01,1.512754708528518677e-01,2.629244923591613770e-01,-3.843395709991455078e-01,1.118168354034423828e+00,2.976244390010833740e-01,1.066341996192932129e-01,5.717810615897178650e-02,-1.672200113534927368e-01,-4.926365017890930176e-01,4.419515132904052734e-01,5.393513441085815430e-01,-1.740645915269851685e-01,1.241797432303428650e-01,-3.455187752842903137e-02
3.476258993148803711e+00,1.855447888374328613e-01,7.480781674385070801e-01,9.984004497528076172e-01,1.822222396731376648e-02,-1.367359235882759094e-02,-5.174467340111732483e-02,-3.357330560684204102e-01,7.856135815382003784e-02,4.990900158882141113e-01,5.186206102371215820e-01,-2.019233703613281250e-01,1.043624356389045715e-01,1.249877288937568665e-01,-4.879840463399887085e-02,2.743082121014595032e-02,9.445040225982666016e-01,-2.283745855093002319e-01,6.294323503971099854e-02,4.130268469452857971e-02,-8.877010643482208252e-02,1.358212381601333618e-01,1.268067657947540283e-01,2.744127213954925537e-01,-3.826806247234344482e-01,1.126254916191101074e+00,2.900661528110504150e-01,1.102305427193641663e-01,5.341736227273941040e-02,-8.888994902372360229e-02,-4.649860262870788574e-01,4.371966123580932617e-01,5.670228600502014160e-01,-1.792069077491760254e-01,1.263443976640701294e-01,-2.288087084889411926e-02
3.509264707565307617e+00,1.885227411985397339e-01,7.505574822425842285e-01,9.983515143394470215e-01,3.073026053607463837e-02,-1.869798079133033752e-02,-4.472425952553749084e-02,-2.701724171638488770e-01,2.735255286097526550e-02,4.965562224388122559e-01,4.991241991519927979e-01,-2.365414798259735107e-01,1.014300808310508728e-01,3.906112536787986755e-02,-8.424860984086990356e-02,3.284277394413948059e-02,1.165925621986389160e+00,-1.080866828560829163e-01,1.012123972177505493e-01,2.558186464011669159e-02,-1.127924472093582153e-01,1.369439363479614258e-01,1.016137152910232544e-01,2.863966226577758789e-01,-3.788779675960540771e-01,1.123215079307556152e+00,2.924074828624725342e-01,1.127788871526718140e-01,5.249420553445816040e-02,-1.613996364176273346e-02,-4.378496706485748291e-01,4.466394782066345215e-01,6.120237112045288086e-01,-1.849549859762191772e-01,1.293164044618606567e-01,-1.011852826923131943e-02
3.540418624877929688e+00,1.912551373243331909e-01,7.538791298866271973e-01,9.983802437782287598e-01,3.708976134657859802e-02,-2.156187221407890320e-02,-3.736670315265655518e-02,-2.060475051403045654e-01,-1.293268613517284393e-02,4.872897267341613770e-01,4.629734754562377930e-01,-2.623097300529479980e-01,9.514595568180084229e-02,-4.930776357650756836e-02,-1.400701552629470825e-01,2.209406578913331032e-03,1.328446388244628906e+00,-1.062415018677711487e-01,8.575968444347381592e-02,6.974423769861459732e-03,-1.216394081711769104e-01,1.361489892005920410e-01,7.835577428340911865e-02,2.982596457004547119e-01,-3.736857771873474121e-01,1.108500719070434570e+00,2.885039746761322021e-01,1.113511547446250916e-01,5.421987175941467285e-02,5.447945743799209595e-02,-4.139755070209503174e-01,4.650171995162963867e-01,6.666982769966125488e-01,-1.954681128263473511e-01,1.286053806543350220e-01,1.520776422694325447e-03
3.570222139358520508e+00,1.938004046678543091e-01,7.581719160079956055e-01,9.985977411270141602e-01,3.712078556418418884e-02,-2.397445775568485260e-02,-2.915361709892749786e-02,-1.363070160150527954e-01,-3.973931446671485901e-02,4.711427390575408936e-01,4.140067994594573975e-01,-2.795927226543426514e-01,8.880167454481124878e-02,-1.350408196449279785e-01,-1.974472850561141968e-01,-3.791432082653045654e-02,1.424103617668151855e+00,-1.624226719141006470e-01,4.490344226360321045e-02,-1.377334631979465485e-02,-1.164482235908508301e-01,1.358046531677246094e-01,5.638439580798149109e-02,3.069569170475006104e-01,-3.608180582523345947e-01,1.085860013961791992e+00,2.718654274940490723e-01,1.079949289560317993e-01,6.010621041059494019e-02,1.244503781199455261e-01,-3.922662734985351562e-01,4.853876829147338867e-01,7.339156270027160645e-01,-2.099878191947937012e-01,1.253933012485504150e-01,1.272578537464141846e-02
3.598571300506591797e+00,1.955886483192443848e-01,7.624867558479309082e-01,9.988973140716552734e-01,3.321965411305427551e-02,-2.628068625926971436e-02,-2.024735137820243835e-02,-6.115233898162841797e-02,-5.586173757910728455e-02,4.498177766799926758e-01,3.551313281059265137e-01,-2.889666259288787842e-01,7.951572537422180176e-02,-2.170930802822113037e-01,-2.289605438709259033e-01,-6.794421374797821045e-02,1.454067945480346680e+00,-2.136186808347702026e-01,1.698684506118297577e-02,-3.668234497308731079e-02,-1.037375405430793762e-01,1.366253048181533813e-01,3.453570604324340820e-02,3.119397163391113281e-01,-3.426150083541870117e-01,1.059248685836791992e+00,2.462947666645050049e-01,1.053931713104248047e-01,6.486597657203674316e-02,1.905046403408050537e-01,-3.706004619598388672e-01,5.052697062492370605e-01,8.139975070953369141e-01,-2.281393259763717651e-01,1.233441606163978577e-01,2.925436571240425110e-02
3.626267910003662109e+00,1.968518495559692383e-01,7.659625411033630371e-01,9.991956949234008789e-01,2.748980000615119934e-02,-2.707925997674465179e-02,-1.091254502534866333e-02,1.218875683844089508e-02,-6.437423080205917358e-02,4.263063967227935791e-01,2.915663421154022217e-01,-2.924257516860961914e-01,6.645310670137405396e-02,-2.968126237392425537e-01,-2.312742024660110474e-01,-8.682940900325775146e-02,1.424903631210327148e+00,-2.477725893259048462e-01,8.897803723812103271e-03,-6.106069684028625488e-02,-8.888418972492218018e-02,1.367774903774261475e-01,1.421333476901054382e-02,3.161140680313110352e-01,-3.270425796508789062e-01,1.028280735015869141e+00,2.234287708997726440e-01,1.039662808179855347e-01,6.521346420049667358e-02,2.495071142911911011e-01,-3.493550419807434082e-01,5.245298147201538086e-01,8.947868943214416504e-01,-2.494193315505981445e-01,1.258361935615539551e-01,5.614334344863891602e-02
3.654161453247070312e+00,1.979417204856872559e-01,7.679159045219421387e-01,9.994547963142395020e-01,2.125231735408306122e-02,-2.521819807589054108e-02,-1.579224830493330956e-03,7.688418775796890259e-02,-6.749505549669265747e-02,4.033235609531402588e-01,2.315250784158706665e-01,-2.948826551437377930e-01,5.096944049000740051e-02,-3.748623132705688477e-01,-2.145652621984481812e-01,-9.909344464540481567e-02,1.343735694885253906e+00,-2.647132873535156250e-01,9.586906060576438904e-03,-8.621919900178909302e-02,-7.471994310617446899e-02,1.353089511394500732e-01,-3.505649976432323456e-03,3.227580785751342773e-01,-3.188367187976837158e-01,9.922962188720703125e-01,2.085702121257781982e-01,1.036580279469490051e-01,6.190545484423637390e-02,3.025054335594177246e-01,-3.295044898986816406e-01,5.410572886466979980e-01,9.635975956916809082e-01,-2.704882025718688965e-01,1.326589435338973999e-01,8.781339973211288452e-02
3.682373523712158203e+00,1.986766159534454346e-01,7.678738832473754883e-01,9.996521472930908203e-01,1.502154301851987839e-02,-2.037331461906433105e-02,7.403664756566286087e-03,1.270488500595092773e-01,-6.443339586257934570e-02,3.840012848377227783e-01,1.859129965305328369e-01,-3.027468323707580566e-01,3.486943617463111877e-02,-4.437403082847595215e-01,-1.956064105033874512e-01,-1.171401739120483398e-01,1.215712785720825195e+00,-2.669432759284973145e-01,5.525111220777034760e-03,-1.109557375311851501e-01,-6.230023875832557678e-02,1.320895701646804810e-01,-1.769239269196987152e-02,3.332339823246002197e-01,-3.169513046741485596e-01,9.563474655151367188e-01,2.037971615791320801e-01,1.037777140736579895e-01,6.102729216217994690e-02,3.497398793697357178e-01,-3.114431798458099365e-01,5.516613125801086426e-01,1.014219760894775391e+00,-2.835451364517211914e-01,1.388723552227020264e-01,1.109210252761840820e-01
3.710658788681030273e+00,1.987908333539962769e-01,7.659589648246765137e-01,9.997412562370300293e-01,9.050966240465641022e-03,-1.318897679448127747e-02,1.617234386503696442e-02,1.630560904741287231e-01,-5.545725673437118530e-02,3.686456978321075439e-01,1.595576703548431396e-01,-3.206297755241394043e-01,1.799280382692813873e-02,-4.934082329273223877e-01,-1.816826909780502319e-01,-1.508399695158004761e-01,1.035761475563049316e+00,-2.468074113130569458e-01,1.648743171244859695e-03,-1.347322463989257812e-01,-5.195726826786994934e-02,1.278143823146820068e-01,-2.966340444982051849e-02,3.462212681770324707e-01,-3.180908858776092529e-01,9.271095991134643555e-01,2.096560299396514893e-01,1.042594239115715027e-01,6.446149945259094238e-02,3.906944692134857178e-01,-2.959312796592712402e-01,5.561991333961486816e-01,1.048208951950073242e+00,-2.858830392360687256e-01,1.413807868957519531e-01,1.181803718209266663e-01
3.739320039749145508e+00,1.984755843877792358e-01,7.627200484275817871e-01,9.996757507324218750e-01,3.749752184376120567e-03,-4.852979909628629684e-03,2.471640519797801971e-02,1.908803731203079224e-01,-4.390320181846618652e-02,3.537385463714599609e-01,1.474321037530899048e-01,-3.441725969314575195e-01,-9.831108618527650833e-04,-5.124595165252685547e-01,-1.615766137838363647e-01,-1.900100111961364746e-01,7.960667610168457031e-01,-1.897127330303192139e-01,1.241081487387418747e-02,-1.570351570844650269e-01,-4.363851994276046753e-02,1.225684285163879395e-01,-3.888613358139991760e-02,3.590452075004577637e-01,-3.212717473506927490e-01,9.086856245994567871e-01,2.239410430192947388e-01,1.031314283609390259e-01,6.834556907415390015e-02,4.250628650188446045e-01,-2.837112843990325928e-01,5.552487373352050781e-01,1.069682955741882324e+00,-2.795566320419311523e-01,1.393821835517883301e-01,1.141756474971771240e-01
3.769474744796752930e+00,1.980387717485427856e-01,7.585693597793579102e-01,9.994401931762695312e-01,-7.160204113461077213e-04,2.946737455204129219e-03,3.331917896866798401e-02,2.192779630422592163e-01,-3.166407346725463867e-02,3.354058265686035156e-01,1.456362456083297729e-01,-3.695999979972839355e-01,-2.345778048038482666e-02,-4.921376705169677734e-01,-1.239322051405906677e-01,-2.150421440601348877e-01,4.978227615356445312e-01,-1.149628534913063049e-01,4.608133062720298767e-02,-1.761608421802520752e-01,-3.683998063206672668e-02,1.170167028903961182e-01,-4.219564050436019897e-02,3.713395297527313232e-01,-3.297841250896453857e-01,9.028609991073608398e-01,2.402685582637786865e-01,9.908825159072875977e-02,6.774283200502395630e-02,4.544253945350646973e-01,-2.747793793678283691e-01,5.504874587059020996e-01,1.083111047744750977e+00,-2.714198827743530273e-01,1.344991922378540039e-01,1.097493171691894531e-01
3.800720691680908203e+00,1.975974589586257935e-01,7.535705566406250000e-01,9.990658760070800781e-01,-1.342480420134961605e-03,7.918676361441612244e-03,4.246060922741889954e-02,2.489580661058425903e-01,-2.434271015226840973e-02,3.152288198471069336e-01,1.593171060085296631e-01,-3.918953239917755127e-01,-5.046031251549720764e-02,-4.430615007877349854e-01,-8.273468166589736938e-02,-2.228323966264724731e-01,1.946134269237518311e-01,-4.651030525565147400e-02,9.034504741430282593e-02,-1.921345591545104980e-01,-3.724745661020278931e-02,1.140492409467697144e-01,-3.879342600703239441e-02,3.830726146697998047e-01,-3.428230285644531250e-01,9.031303524971008301e-01,2.571868300437927246e-01,9.779755026102066040e-02,6.599594652652740479e-02,4.756169915199279785e-01,-2.669735252857208252e-01,5.473726987838745117e-01,1.095711350440979004e+00,-2.680891752243041992e-01,1.315399408340454102e-01,1.196309179067611694e-01
3.832164525985717773e+00,1.971901357173919678e-01,7.479597330093383789e-01,9.986697435379028320e-01,1.532992348074913025e-03,8.656211197376251221e-03,5.080769583582878113e-02,2.771780192852020264e-01,-1.546730566769838333e-02,2.985484600067138672e-01,2.022855728864669800e-01,-4.134950339794158936e-01,-7.266585528850555420e-02,-4.351783096790313721e-01,-6.937424838542938232e-02,-2.248574644327163696e-01,1.153885275125503540e-01,-5.053187906742095947e-02,1.148594096302986145e-01,-2.037979513406753540e-01,-4.425454139709472656e-02,1.139964684844017029e-01,-3.029341623187065125e-02,3.922450244426727295e-01,-3.525795638561248779e-01,9.062620997428894043e-01,2.689892351627349854e-01,9.816226363182067871e-02,6.015095487236976624e-02,4.905495643615722656e-01,-2.611668407917022705e-01,5.556796789169311523e-01,1.110671043395996094e+00,-2.785182893276214600e-01,1.323180198669433594e-01,1.477535367012023926e-01
3.864497661590576172e+00,1.965346038341522217e-01,7.451465129852294922e-01,9.987434148788452148e-01,-9.743183851242065430e-03,1.055402308702468872e-02,4.801340773701667786e-02,2.682787477970123291e-01,3.291599079966545105e-02,2.937631011009216309e-01,3.271014988422393799e-01,-4.411009252071380615e-01,-9.660706669092178345e-02,-4.298459291458129883e-01,-2.327193692326545715e-02,-2.339983284473419189e-01,1.334037184715270996e-01,-1.161980815231800079e-02,7.662966847419738770e-02,-1.952906847000122070e-01,-1.893394067883491516e-02,1.150183454155921936e-01,-1.304175984114408493e-02,3.949405550956726074e-01,-3.577778339385986328e-01,9.130733609199523926e-01,2.745196819305419922e-01,9.988027811050415039e-02,5.184358358383178711e-02,4.830130636692047119e-01,-2.604312002658843994e-01,5.711544156074523926e-01,1.126571297645568848e+00,-2.998388707637786865e-01,1.379262655973434448e-01,1.810828149318695068e-01
3.898405790328979492e+00,1.949285566806793213e-01,7.441048622131347656e-01,9.986180663108825684e-01,-2.743663638830184937e-02,1.104522217065095901e-02,4.344167932868003845e-02,2.300516813993453979e-01,1.039866209030151367e-01,2.831234633922576904e-01,5.180173516273498535e-01,-4.380966722965240479e-01,-1.114338114857673645e-01,-4.364318251609802246e-01,2.648997120559215546e-02,-2.276040464639663696e-01,2.185819745063781738e-01,3.905504569411277771e-02,3.210386261343955994e-02,-1.811958253383636475e-01,2.150994166731834412e-02,1.130407154560089111e-01,1.875801384449005127e-02,3.898584842681884766e-01,-3.555002808570861816e-01,9.232575893402099609e-01,2.755069732666015625e-01,1.046678721904754639e-01,4.948485270142555237e-02,4.592611789703369141e-01,-2.606115043163299561e-01,5.943227410316467285e-01,1.142054557800292969e+00,-3.314890861511230469e-01,1.401525139808654785e-01,2.123227864503860474e-01
3.933630228042602539e+00,1.931087672710418701e-01,7.449129819869995117e-01,9.982819557189941406e-01,-4.444102942943572998e-02,5.635224282741546631e-03,3.776752948760986328e-02,1.756247878074645996e-01,1.843152344226837158e-01,2.617103755474090576e-01,7.653517723083496094e-01,-3.706477582454681396e-01,-1.129387691617012024e-01,-4.271795451641082764e-01,6.727287918329238892e-02,-2.299633771181106567e-01,3.145643472671508789e-01,1.962601765990257263e-02,-1.438389811664819717e-02,-1.627187281847000122e-01,5.931729823350906372e-02,1.158006861805915833e-01,5.499017611145973206e-02,3.800310790538787842e-01,-3.499674797058105469e-01,9.429641962051391602e-01,2.643183767795562744e-01,1.107651293277740479e-01,4.650455340743064880e-02,4.194812774658203125e-01,-2.666328251361846924e-01,6.149257421493530273e-01,1.154025077819824219e+00,-3.501183986663818359e-01,1.401138007640838623e-01,2.246311306953430176e-01
3.967891216278076172e+00,1.914338618516921997e-01,7.473455667495727539e-01,9.977421760559082031e-01,-5.939633026719093323e-02,-2.448192564770579338e-03,3.125178813934326172e-02,9.117551147937774658e-02,2.639151215553283691e-01,2.246002256870269775e-01,1.036357164382934570e+00,-2.248240262269973755e-01,-1.037421673536300659e-01,-3.857525885105133057e-01,1.145270764827728271e-01,-2.282348573207855225e-01,3.570901751518249512e-01,-2.786708064377307892e-02,-5.365607514977455139e-02,-1.432897746562957764e-01,8.933215588331222534e-02,1.249664127826690674e-01,9.050716459751129150e-02,3.677751719951629639e-01,-3.530163466930389404e-01,9.714986085891723633e-01,2.644546329975128174e-01,1.162365376949310303e-01,3.728067874908447266e-02,3.654977381229400635e-01,-2.746287286281585693e-01,6.242552995681762695e-01,1.156807899475097656e+00,-3.607875108718872070e-01,1.387397050857543945e-01,2.196166068315505981e-01
4.000595092773437500e+00,1.903262436389923096e-01,7.507870197296142578e-01,9.971408843994140625e-01,-7.007249444723129272e-02,-1.029546093195676804e-02,2.634254656732082367e-02,-2.041638130322098732e-03,3.473697006702423096e-01,2.007267922163009644e-01,1.267234444618225098e+00,-8.701175451278686523e-02,-7.971345633268356323e-02,-3.129261732101440430e-01,1.576293259859085083e-01,-2.208055853843688965e-01,3.389556705951690674e-01,-6.711490452289581299e-02,-7.262216508388519287e-02,-1.266224831342697144e-01,1.064762622117996216e-01,1.368026882410049438e-01,1.162043288350105286e-01,3.583801686763763428e-01,-3.667551875114440918e-01,1.005997061729431152e+00,2.759566903114318848e-01,1.227040067315101624e-01,2.181682549417018890e-02,2.997085452079772949e-01,-2.862187922000885010e-01,6.147310733795166016e-01,1.139280438423156738e+00,-3.512322902679443359e-01,1.325030475854873657e-01,1.825403869152069092e-01
4.032136917114257812e+00,1.900347471237182617e-01,7.553441524505615234e-01,9.969092011451721191e-01,-7.403019070625305176e-02,-1.723100803792476654e-02,1.986760273575782776e-02,-7.856582850217819214e-02,4.231993854045867920e-01,2.120858430862426758e-01,1.413509845733642578e+00,-1.032979041337966919e-01,-3.268155083060264587e-02,-2.337648868560791016e-01,1.842177808284759521e-01,-2.053980082273483276e-01,3.062125742435455322e-01,-9.402810037136077881e-02,-8.929188549518585205e-02,-1.089127585291862488e-01,1.083714067935943604e-01,1.463802158832550049e-01,1.362610906362533569e-01,3.515031337738037109e-01,-3.808626532554626465e-01,1.039273977279663086e+00,2.950918674468994141e-01,1.264766305685043335e-01,8.142408914864063263e-03,2.238806784152984619e-01,-3.016642630100250244e-01,5.859421491622924805e-01,1.102096915245056152e+00,-3.155480623245239258e-01,1.222035437822341919e-01,1.122999489307403564e-01
4.063304424285888672e+00,1.902921199798583984e-01,7.613781690597534180e-01,9.971928000450134277e-01,-6.989588588476181030e-02,-2.438787557184696198e-02,1.123682595789432526e-02,-1.451186090707778931e-01,4.661896228790283203e-01,2.415409833192825317e-01,1.482907772064208984e+00,-1.630260348320007324e-01,1.502157375216484070e-02,-1.513724625110626221e-01,1.909646391868591309e-01,-1.761082261800765991e-01,2.730871737003326416e-01,-1.171655431389808655e-01,-9.912014752626419067e-02,-8.825136721134185791e-02,9.484267234802246094e-02,1.557085514068603516e-01,1.527370065450668335e-01,3.417655825614929199e-01,-3.920955359935760498e-01,1.067492723464965820e+00,3.107241392135620117e-01,1.284748166799545288e-01,-5.045173689723014832e-03,1.442913264036178589e-01,-3.148672282695770264e-01,5.319023728370666504e-01,1.049137115478515625e+00,-2.571617662906646729e-01,1.145112812519073486e-01,3.321925550699234009e-02
4.094061851501464844e+00,1.908296793699264526e-01,7.666374444961547852e-01,9.976197481155395508e-01,-6.173953041434288025e-02,-3.070613741874694824e-02,4.069980932399630547e-04,-2.040268331766128540e-01,4.777930080890655518e-01,2.821246683597564697e-01,1.485061168670654297e+00,-2.136179655790328979e-01,4.795219376683235168e-02,-7.402198761701583862e-02,1.856669634580612183e-01,-1.372601985931396484e-01,2.421704381704330444e-01,-1.378582417964935303e-01,-1.002552881836891174e-01,-6.391970068216323853e-02,7.636403292417526245e-02,1.639142632484436035e-01,1.650202423334121704e-01,3.287940323352813721e-01,-4.000915884971618652e-01,1.084454774856567383e+00,3.185779452323913574e-01,1.288973093032836914e-01,-2.000140212476253510e-02,6.674557924270629883e-02,-3.271425068378448486e-01,4.705781638622283936e-01,9.837535619735717773e-01,-1.969343125820159912e-01,1.098155155777931213e-01,-2.752856723964214325e-02
4.123819828033447266e+00,1.916835308074951172e-01,7.695957422256469727e-01,9.977922439575195312e-01,-5.514172092080116272e-02,-3.508324176073074341e-02,-1.179977692663669586e-02,-2.610588371753692627e-01,4.690328538417816162e-01,3.205966055393218994e-01,1.426152944564819336e+00,-2.478221058845520020e-01,5.422354862093925476e-02,-5.281659308820962906e-03,1.788810938596725464e-01,-9.938778728246688843e-02,2.138972729444503784e-01,-1.584914624691009521e-01,-9.833592176437377930e-02,-3.728093951940536499e-02,6.490468978881835938e-02,1.702422350645065308e-01,1.746908277273178101e-01,3.135738074779510498e-01,-4.004592597484588623e-01,1.085917472839355469e+00,3.184713423252105713e-01,1.261206418275833130e-01,-2.932532876729965210e-02,-8.636335842311382294e-03,-3.466271162033081055e-01,4.233082532882690430e-01,9.068633317947387695e-01,-1.581934243440628052e-01,1.061550378799438477e-01,-6.305875629186630249e-02
4.151509761810302734e+00,1.929246783256530762e-01,7.701351642608642578e-01,9.977133274078369141e-01,-5.169290676712989807e-02,-3.696198016405105591e-02,-2.301698178052902222e-02,-3.160239458084106445e-01,4.530064761638641357e-01,3.560329377651214600e-01,1.316405415534973145e+00,-2.607877850532531738e-01,4.297166690230369568e-02,5.401907488703727722e-02,1.734383404254913330e-01,-7.066465914249420166e-02,1.899750381708145142e-01,-1.812983751296997070e-01,-9.490592032670974731e-02,-1.267805229872465134e-02,6.251461803913116455e-02,1.750340759754180908e-01,1.820932775735855103e-01,2.981419861316680908e-01,-3.917406201362609863e-01,1.073392987251281738e+00,3.147187829017639160e-01,1.192075312137603760e-01,-2.722565457224845886e-02,-8.136550337076187134e-02,-3.772264122962951660e-01,3.970165848731994629e-01,8.218631744384765625e-01,-1.447325199842453003e-01,1.047819405794143677e-01,-8.004225790500640869e-02
4.177597999572753906e+00,1.946928799152374268e-01,7.689085006713867188e-01,9.975153803825378418e-01,-5.082355439662933350e-02,-3.646744415163993835e-02,-3.240558877587318420e-02,-3.650329113006591797e-01,4.270616471767425537e-01,3.828535377979278564e-01,1.162434101104736328e+00,-2.558592557907104492e-01,1.842212490737438202e-02,1.063878834247589111e-01,1.692736744880676270e-01,-5.025267973542213440e-02,1.700708717107772827e-01,-2.060498297214508057e-01,-9.060516953468322754e-02,8.299578912556171417e-03,6.646788865327835083e-02,1.773900091648101807e-01,1.867432296276092529e-01,2.835769057273864746e-01,-3.763541579246520996e-01,1.052756667137145996e+00,3.107108473777770996e-01,1.088957414031028748e-01,-1.349490601569414139e-02,-1.495432704687118530e-01,-4.167762994766235352e-01,3.851096630096435547e-01,7.342120409011840820e-01,-1.441595852375030518e-01,1.070012599229812622e-01,-8.927550911903381348e-02
4.202964305877685547e+00,1.969455480575561523e-01,7.666501402854919434e-01,9.973326921463012695e-01,-5.120405927300453186e-02,-3.332913294434547424e-02,-3.993368521332740784e-02,-4.018331468105316162e-01,3.890386223793029785e-01,4.002635776996612549e-01,9.588819146156311035e-01,-2.330834120512008667e-01,-2.021024376153945923e-02,1.524600684642791748e-01,1.655963659286499023e-01,-3.285564854741096497e-02,1.544294953346252441e-01,-2.315182089805603027e-01,-8.581278473138809204e-02,2.524285204708576202e-02,7.259272038936614990e-02,1.750282496213912964e-01,1.890972703695297241e-01,2.709771692752838135e-01,-3.580427169799804688e-01,1.031524181365966797e+00,3.056691586971282959e-01,9.749564528465270996e-02,9.976633824408054352e-03,-2.118050903081893921e-01,-4.598948657512664795e-01,3.801595866680145264e-01,6.505268812179565430e-01,-1.467932313680648804e-01,1.129886433482170105e-01,-9.785310924053192139e-02
4.229444980621337891e+00,1.994860023260116577e-01,7.637594342231750488e-01,9.972606897354125977e-01,-5.136990547180175781e-02,-2.736663632094860077e-02,-4.564290866255760193e-02,-4.187137186527252197e-01,3.374198973178863525e-01,4.130331277847290039e-01,7.010727524757385254e-01,-1.743134409189224243e-01,-6.442392617464065552e-02,1.893776655197143555e-01,1.605278849601745605e-01,-1.438991911709308624e-02,1.436886787414550781e-01,-2.577922642230987549e-01,-8.039047569036483765e-02,3.708700090646743774e-02,7.686363160610198975e-02,1.666395664215087891e-01,1.887219101190567017e-01,2.615806162357330322e-01,-3.399454653263092041e-01,1.016705989837646484e+00,2.983509302139282227e-01,8.861888945102691650e-02,3.714264184236526489e-02,-2.680772840976715088e-01,-4.989446997642517090e-01,3.806216418743133545e-01,5.755035281181335449e-01,-1.510847955942153931e-01,1.207526251673698425e-01,-1.057213917374610901e-01
4.259572029113769531e+00,2.021012455224990845e-01,7.602682709693908691e-01,9.972302913665771484e-01,-5.131419748067855835e-02,-2.098176442086696625e-02,-4.958211258053779602e-02,-4.109461009502410889e-01,2.736622393131256104e-01,4.237270355224609375e-01,4.221814274787902832e-01,-9.988729655742645264e-02,-1.067794486880302429e-01,2.197963893413543701e-01,1.541491895914077759e-01,4.996632691472768784e-03,1.406633108854293823e-01,-2.845208644866943359e-01,-7.241226732730865479e-02,4.612734168767929077e-02,7.891663163900375366e-02,1.565954238176345825e-01,1.870038956403732300e-01,2.559903562068939209e-01,-3.250899910926818848e-01,1.011996269226074219e+00,2.887709140777587891e-01,8.603460341691970825e-02,5.822651460766792297e-02,-3.140447735786437988e-01,-5.283709168434143066e-01,3.832029104232788086e-01,5.161600112915039062e-01,-1.609839797019958496e-01,1.280547529458999634e-01,-1.091048642992973328e-01
4.292129039764404297e+00,2.052748501300811768e-01,7.557878494262695312e-01,9.969426989555358887e-01,-5.359022691845893860e-02,-1.769492030143737793e-02,-5.403987318277359009e-02,-3.887529373168945312e-01,2.267647534608840942e-01,4.290747046470642090e-01,2.076741904020309448e-01,-5.951609462499618530e-02,-1.464349180459976196e-01,2.513926327228546143e-01,1.515113264322280884e-01,2.274119295179843903e-02,1.448602676391601562e-01,-3.070072233676910400e-01,-6.528674811124801636e-02,5.343313142657279968e-02,8.457197248935699463e-02,1.507913321256637573e-01,1.800013482570648193e-01,2.545778155326843262e-01,-3.207828104496002197e-01,1.018166303634643555e+00,2.745750844478607178e-01,8.650750666856765747e-02,7.096099853515625000e-02,-3.444131910800933838e-01,-5.492441654205322266e-01,3.910299837589263916e-01,4.748230278491973877e-01,-1.734611541032791138e-01,1.401404440402984619e-01,-1.060901954770088196e-01
4.323684215545654297e+00,2.086743414402008057e-01,7.515841722488403320e-01,9.969798326492309570e-01,-5.053860321640968323e-02,-1.733307354152202606e-02,-5.636110529303550720e-02,-4.036963582038879395e-01,2.093930840492248535e-01,4.218773245811462402e-01,2.192686647176742554e-01,-8.816593140363693237e-02,-1.083991825580596924e-01,2.799453437328338623e-01,1.347070783376693726e-01,3.404583036899566650e-02,1.850131750106811523e-01,-3.371376693248748779e-01,-5.989094823598861694e-02,5.470907315611839294e-02,7.649818807840347290e-02,1.488350629806518555e-01,1.749244183301925659e-01,2.556834220886230469e-01,-3.210328519344329834e-01,1.031767129898071289e+00,2.628988921642303467e-01,8.592465519905090332e-02,7.712657749652862549e-02,-3.537937700748443604e-01,-5.615636110305786133e-01,4.017852842807769775e-01,4.401433765888214111e-01,-1.792289316654205322e-01,1.475489735603332520e-01,-9.922597557306289673e-02
4.354688644409179688e+00,2.122692167758941650e-01,7.485235333442687988e-01,9.976354837417602539e-01,-3.790525719523429871e-02,-1.677325554192066193e-02,-5.482047796249389648e-02,-4.219121932983398438e-01,1.860256195068359375e-01,4.218955934047698975e-01,3.363914191722869873e-01,-1.031205207109451294e-01,-1.841575652360916138e-02,2.890328466892242432e-01,9.731300920248031616e-02,3.504407033324241638e-02,2.746320664882659912e-01,-3.719111979007720947e-01,-4.614210128784179688e-02,5.060558021068572998e-02,4.657909646630287170e-02,1.456926465034484863e-01,1.674325913190841675e-01,2.618773579597473145e-01,-3.226068615913391113e-01,1.045999884605407715e+00,2.474188506603240967e-01,8.847162872552871704e-02,8.043540269136428833e-02,-3.349541723728179932e-01,-5.669010877609252930e-01,4.080022871494293213e-01,4.049182832241058350e-01,-1.842738389968872070e-01,1.559595167636871338e-01,-9.419753402471542358e-02
4.387636661529541016e+00,2.156452685594558716e-01,7.468396425247192383e-01,9.983343482017517090e-01,-2.096459083259105682e-02,-1.806347630918025970e-02,-5.062359943985939026e-02,-4.208719730377197266e-01,1.531200408935546875e-01,4.244981706142425537e-01,4.390850961208343506e-01,-1.050859764218330383e-01,5.144680291414260864e-02,2.844421267509460449e-01,4.952494055032730103e-02,2.517809905111789703e-02,4.006873965263366699e-01,-3.861534297466278076e-01,-2.848905324935913086e-02,4.696408286690711975e-02,7.564651779830455780e-03,1.436495631933212280e-01,1.564368903636932373e-01,2.712782919406890869e-01,-3.330624401569366455e-01,1.061739087104797363e+00,2.396673858165740967e-01,8.854298293590545654e-02,7.374320179224014282e-02,-2.920336723327636719e-01,-5.647714138031005859e-01,4.029109776020050049e-01,3.902299702167510986e-01,-1.802566498517990112e-01,1.556489765644073486e-01,-9.251913428306579590e-02
4.424520015716552734e+00,2.198501080274581909e-01,7.469418644905090332e-01,9.987246394157409668e-01,-4.045239184051752090e-03,-2.279855497181415558e-02,-4.486526548862457275e-02,-3.861961960792541504e-01,1.132816299796104431e-01,4.369478225708007812e-01,4.881362915039062500e-01,-1.205651089549064636e-01,8.777780085802078247e-02,2.638156414031982422e-01,2.972735557705163956e-03,1.473638974130153656e-02,5.652176141738891602e-01,-3.603740334510803223e-01,-4.262204281985759735e-03,4.097692295908927917e-02,-3.169377148151397705e-02,1.424030959606170654e-01,1.419591158628463745e-01,2.795660197734832764e-01,-3.503159582614898682e-01,1.077513813972473145e+00,2.419895976781845093e-01,8.993800729513168335e-02,5.797171592712402344e-02,-2.338646650314331055e-01,-5.513422489166259766e-01,3.930336833000183105e-01,3.959179222583770752e-01,-1.762041747570037842e-01,1.529276967048645020e-01,-9.000964462757110596e-02
4.462960720062255859e+00,2.248651981353759766e-01,7.477264404296875000e-01,9.988776445388793945e-01,1.142809726297855377e-02,-2.870338037610054016e-02,-3.590115159749984741e-02,-3.365200757980346680e-01,6.325965374708175659e-02,4.378225505352020264e-01,5.079050660133361816e-01,-1.626751124858856201e-01,1.034731864929199219e-01,2.220662534236907959e-01,-4.277334362268447876e-02,6.243756506592035294e-03,7.603004574775695801e-01,-2.869904637336730957e-01,2.121482603251934052e-02,3.037858009338378906e-02,-6.522275507450103760e-02,1.425141543149948120e-01,1.205128058791160583e-01,2.856892645359039307e-01,-3.720185756683349609e-01,1.095767974853515625e+00,2.448688596487045288e-01,9.506075829267501831e-02,4.524001851677894592e-02,-1.641386002302169800e-01,-5.329657196998596191e-01,3.903900384902954102e-01,4.294157624244689941e-01,-1.865682750940322876e-01,1.528292447328567505e-01,-8.499585092067718506e-02
4.497484207153320312e+00,2.304791957139968872e-01,7.492896914482116699e-01,9.986568093299865723e-01,2.562675438821315765e-02,-3.530922159552574158e-02,-2.794843167066574097e-02,-2.724488079547882080e-01,9.466212242841720581e-03,4.354930222034454346e-01,4.959083795547485352e-01,-1.961204856634140015e-01,1.057255789637565613e-01,1.533655077219009399e-01,-8.548756688833236694e-02,7.454615551978349686e-03,9.838321805000305176e-01,-1.775022298097610474e-01,6.221914291381835938e-02,1.833437383174896240e-02,-9.304515272378921509e-02,1.465564668178558350e-01,9.659191966056823730e-02,2.899948358535766602e-01,-3.871257603168487549e-01,1.109689474105834961e+00,2.623154222965240479e-01,1.018606349825859070e-01,3.984726592898368835e-02,-1.001149863004684448e-01,-5.102647542953491211e-01,3.997488021850585938e-01,4.917417466640472412e-01,-1.995379328727722168e-01,1.471671164035797119e-01,-7.603214681148529053e-02
4.527195930480957031e+00,2.362131476402282715e-01,7.519776225090026855e-01,9.980580210685729980e-01,3.921896591782569885e-02,-4.261538013815879822e-02,-2.293355949223041534e-02,-1.947807967662811279e-01,-4.619604721665382385e-02,4.295688271522521973e-01,4.558021128177642822e-01,-2.210043519735336304e-01,9.601423144340515137e-02,5.937058106064796448e-02,-1.395838260650634766e-01,6.495864596217870712e-03,1.210511684417724609e+00,-8.336714655160903931e-02,8.554951846599578857e-02,7.181941065937280655e-03,-1.160879433155059814e-01,1.548245102167129517e-01,7.618734985589981079e-02,2.908828854560852051e-01,-3.904964625835418701e-01,1.113819360733032227e+00,2.789441049098968506e-01,1.098860129714012146e-01,3.754281625151634216e-02,-4.811097308993339539e-02,-4.831566512584686279e-01,4.238045215606689453e-01,5.770383477210998535e-01,-1.941545605659484863e-01,1.437050402164459229e-01,-6.933534145355224609e-02
